symbol,signal_date,entry_date,entry_price,direction,atr_at_signal,upper_channel,lower_channel,channel_width,trend_filter,breakout_strength,volume,target_price,stop_price,label_horizon_days,label_target_atr,label_stop_atr,label_event,label_event_date,label_event_price,label,days_to_event,return_3d,return_5d,return_10d,return_20d,vol_5d,vol_10d,vol_20d,volume_avg_20d,volume_ratio_20d,volume_zscore_20d,dollar_volume,dollar_volume_avg_20d,dollar_volume_ratio_20d,atr_pct,channel_width_pct,distance_from_trend,distance_from_upper_channel,trend_slope_5d,trend_slope_10d,shy_close,vix_close,shy_return_5d,shy_return_20d,vix_return_1d,vix_return_5d,vix_level_zscore_20d,vix_level_pct_to_20d_mean
QQQ,2021-07-23,2021-07-26,367.49,LONG,4.274999999999998,365.49,316.0,49.49000000000001,344.9224,0.6339181286549663,21474075.0,373.90250000000003,363.21500000000003,15,1.5,1.0,stop_first,2021-07-27,363.21500000000003,0,2,0.026227040887427,0.029642058165548102,0.01991634580759527,0.052330732515933676,0.1163289937104159,0.1161237634978111,0.10276081490802062,26447334.2,0.8119561252415376,-0.7281837156965997,7906754415.0,9491203820.005,0.8330612812607195,0.011610537751222156,0.13441064638783273,0.06748648391638237,0.00736013036393259,0.010162470669410784,0.018061222562242518,86.26,17.2,0.0008121591831999897,0.001509346336932671,-0.027699265121537753,-0.0677506775067751,0.06633458323968251,0.006701589066752556
QQQ,2021-08-23,2021-08-24,373.83,LONG,3.9278571428571474,369.91,331.78,38.13000000000005,359.8294,0.8452445899254383,23183088.0,379.7217857142857,369.90214285714285,15,1.5,1.0,target_first,2021-08-30,379.7217857142857,1,7,0.0304243394715773,0.011518239470974079,0.012204051745179356,0.012863307009688185,0.15828565064425382,0.11920177184086031,0.10279983275137727,24736007.0,0.9372203039884327,-0.21117894641953433,8652623934.24,9066761673.6645,0.9543235220765302,0.01052395879982088,0.1021622056104816,0.037241537239591865,0.008895319240146807,0.007902904136601885,0.017741420897575688,86.2,17.15,-0.00023196474135922518,-0.0004638218923932458,-0.07596982758620696,0.06389578163771703,-0.38671209699607034,-0.036787419264251664
QQQ,2021-08-30,2021-08-31,380.51,LONG,4.0092857142857055,376.56,337.45,39.110000000000014,363.0722,0.9228576518795645,20464114.0,386.52392857142854,376.5007142857143,15,1.5,1.0,stop_first,2021-09-10,376.5007142857143,0,11,0.014567769477054293,0.018835570559708525,0.030570762642961657,0.04295117937465709,0.10058454960006694,0.1330871053620425,0.10421171184696996,22636988.4,0.9040122139215304,-0.3792827125668158,7781683989.639999,8350852910.369501,0.9318430192893533,0.010543537880097053,0.10285068111292278,0.047339895480843705,0.009730184610529607,0.009012048487422097,0.016986173979294472,86.26,16.19,0.0006960556844548549,-0.0005793071486501766,-0.01220256253813301,-0.0559766763848395,-0.7375157781339446,-0.070768524364346
QQQ,2021-10-29,2021-11-01,386.56,LONG,4.3757142857142854,384.48,350.32,34.160000000000025,371.684,0.37251061051256834,26578752.0,393.12357142857144,382.1842857142857,15,1.5,1.0,target_first,2021-11-03,393.12357142857144,1,3,0.01843743405781817,0.03210371558406844,0.046538732585244214,0.0719917818868343,0.05778647798617997,0.09067608175450613,0.1408498504928743,29349601.35,0.9055915848069943,-0.30800787857414696,10262321934.720001,10784231276.258,0.9516044001497811,0.01133281781283646,0.08847219704229371,0.038812539684247874,0.004221594882287419,0.00419743960506902,0.006215141685630643,85.85,16.26,0.00023301875800996186,-0.0038291947087493172,-0.016333938294010864,0.05379131561892425,-0.6296908123323665,-0.08174502329521383
QQQ,2021-11-01,2021-11-02,386.8,LONG,4.325000000000001,386.28,350.32,35.95999999999998,372.078,0.26589595375723324,19433057.0,393.2875,382.475,15,1.5,1.0,target_first,2021-11-03,393.2875,1,2,0.019552631578947377,0.025136930119334266,0.039661881121696,0.09871816686518065,0.05039154453336799,0.08595347939239723,0.10905773602969937,27365224.15,0.7101369567988721,-1.2937289443723192,7528949273.51,10118323423.7025,0.7440905927036483,0.011163306919959736,0.09281676689982701,0.04126016587919746,0.002968278140567416,0.004767323607136165,0.007030958627823658,85.8,16.41,-0.0008151857458950085,-0.003947062920826583,0.009225092250922495,0.07677165354330717,-0.49233377665312,-0.05581127733026481
QQQ,2021-11-02,2021-11-03,389.53,LONG,4.270714285714287,387.56,350.32,37.24000000000001,372.39439999999996,0.348887773875232,17722859.0,395.9360714285714,385.2592857142857,15,1.5,1.0,target_first,2021-11-04,395.9360714285714,1,2,0.01257092290875006,0.02619223464866005,0.03616800276986165,0.0886171582069506,0.048902082453265605,0.08381034362351115,0.10429090838679611,26430960.05,0.6705340618151325,-1.4262292910816763,6895078293.95,9812500266.871,0.7026831191260385,0.010977289000679314,0.09572034442873668,0.044725699419755106,0.003829841922632076,0.005071314174795338,0.007519716461723558,85.89,16.03,0.0004659289458357474,-0.0027864855451061876,-0.023156611822059636,0.0031289111389236623,-0.6136271034065044,-0.06347676218853138
QQQ,2021-11-03,2021-11-04,394.46,LONG,4.147857142857142,389.54,350.32,39.22000000000003,372.7706,0.8775615636300984,24806394.0,400.6817857142857,390.3121428571428,15,1.5,1.0,target_first,2021-11-05,400.6817857142857,1,2,0.018310844059982845,0.03468421052631587,0.048535921915835445,0.09316873800984227,0.052607020417717115,0.08553485400887259,0.10637004514858567,25468756.5,0.9739931354716905,-0.14466644261514916,9753377992.92,9507987629.1895,1.0258088644306973,0.010549512037380188,0.09975075029248696,0.05475056241023301,0.009257846279057904,0.005312286273384315,0.008093509128995757,85.87,15.1,0.00046603751602014576,-0.002902926149558782,-0.05801621958827208,-0.11071849234393405,-1.0893600122454612,-0.10233926819843653
QQQ,2021-11-04,2021-11-05,400.04,LONG,4.404285714285712,393.61,350.32,43.29000000000002,373.23900000000003,1.0467077521894295,28115871.0,406.6464285714286,395.6357142857143,15,1.5,1.0,stop_first,2021-11-09,395.6357142857143,0,5,0.02785019229280139,0.03643745770652229,0.05553052190738739,0.09711546408794125,0.06017541638588593,0.09376406686872638,0.10910539381444635,25335838.15,1.1097272896022192,0.623375827724308,11196302149.62,9509296478.3275,1.177405939034221,0.01105993097856891,0.10870875395510024,0.06693030471092247,0.011576515493948102,0.005381948653300883,0.008756780423730959,85.95,15.44,0.0012814538676606535,-0.0016262051341618955,0.02251655629139071,-0.06594071385359956,-0.7966084498335126,-0.07080311738332379
QQQ,2021-11-19,2021-11-22,405.57,LONG,4.407142857142865,402.27,350.32,51.94999999999999,377.07919999999996,0.390275526742307,22665843.0,412.1807142857143,401.16285714285715,15,1.5,1.0,stop_first,2021-11-22,401.16285714285715,0,1,0.016531629007095816,0.02353686344058792,0.013522328148519724,0.07989842288158244,0.06364177851612703,0.11818716441103651,0.10336743976445087,25892234.2,0.8753915488683476,-0.530341659791036,9156773913.57,10141901034.95,0.9028656345605075,0.010909039474102983,0.12859229188841304,0.07136643972937265,0.004257531127008162,0.005057817334325643,0.008873547005505689,85.77,17.91,-0.00011657729074376899,-0.0006990562740301076,0.01819215463331436,0.09944751381215466,1.338198219748586,0.07374100719424459
QQQ,2022-08-03,2022-08-04,322.92,LONG,7.549285714285722,318.81,269.28,49.53000000000003,295.13439999999997,0.5404484814078884,40343923.0,334.2439285714286,315.3707142857143,15,1.5,1.0,target_first,2022-08-16,334.2439285714286,1,13,0.023552906866163736,0.05241028649652879,0.06553806553806552,0.11804016620498614,0.18033237231114682,0.29568049348777464,0.2717910450163928,38969325.55,1.03527383218979,0.2825239600301779,13026649297.47,11703533907.4315,1.1130526386733797,0.023380363945262234,0.15339589333828868,0.09404393388232621,0.01263588218898072,0.007080475835274047,0.009007185645938831,82.7,21.95,-0.002171814671814598,-0.00024177949709858204,-0.08274132887588803,-0.05550774526678137,-1.4119753514897826,-0.09506926121372039
QQQ,2022-08-15,2022-08-16,332.06,LONG,7.152857142857154,330.59,269.28,61.31,298.901,0.34531655682045465,24553421.0,342.7892857142857,324.90714285714284,15,1.5,1.0,stop_first,2022-08-19,324.90714285714284,0,4,0.02187586291534993,0.038508309687879994,0.056427823770101915,0.15086385625431942,0.23414760099832974,0.219950541677726,0.2642949184139784,35257452.0,0.696403727643166,-1.7078415588960598,8177762398.26,11049035635.383501,0.7401335888601429,0.021476181897727598,0.18408094637602834,0.11428198634330428,0.007416081186573072,0.006292251339923061,0.016825012791064742,82.61,19.95,0.0007268322228952684,0.0010906446921958857,0.021505376344086002,-0.06294034758102396,-1.4374339872312774,-0.09985110319000134
QQQ,2023-02-01,2023-02-02,307.54,LONG,6.089285714285718,298.26,259.73,38.52999999999997,280.029,0.4368328445747839,46718816.0,316.6739285714286,301.4507142857143,15,1.5,1.0,stop_first,2023-02-09,301.4507142857143,0,8,0.01572942685478984,0.045841587599485534,0.08291348783647634,0.13777979431336962,0.2411621185201442,0.23865989857458625,0.2172918000414489,33051894.5,1.4134988843075242,2.5937366042607684,14058626110.720001,9327402450.124,1.5072391467930177,0.020235563320104073,0.12804067526252816,0.07460298754771834,0.008839558686694221,0.0030353003206515794,0.008454293301603855,81.79,17.87,0.00012227928588903758,0.006770064007878052,-0.07886597938144313,-0.0634171907756812,-1.76154004368902,-0.10687957618012345
QQQ,2023-02-02,2023-02-03,304.94,LONG,6.5464285714285735,303.43,259.73,43.69999999999999,280.56699999999995,1.2663393344244436,51690009.0,314.75964285714286,298.3935714285714,15,1.5,1.0,stop_first,2023-02-10,298.3935714285714,0,8,0.07389671684982968,0.06265766687120755,0.13290932218789764,0.17302626627530682,0.2934964561901304,0.25106648362487327,0.23957763597518258,33877492.4,1.5257920624609158,2.6784735680958685,16112809605.480001,9665632166.761,1.6670207729288629,0.021000989899360237,0.14018991402540737,0.11103586665573671,0.026594379571410302,0.0045751858646878585,0.009630401582203962,81.8,18.73,0.0008564786492106791,0.005902606984751646,0.04812534974818128,0.0,-0.9670069049999092,-0.0561616568822596
QQQ,2023-03-31,2023-04-03,318.77,LONG,5.980714285714283,316.32,273.12,43.19999999999999,300.337,0.7708109399259551,41292375.0,327.7410714285714,312.7892857142857,15,1.5,1.0,stop_first,2023-04-12,312.7892857142857,0,10,0.04496613701484753,0.03229438064910428,0.05098899659418388,0.07090896956753867,0.1690256510119654,0.16397337940588783,0.1968901962448536,47335130.35,0.8723410011693356,-0.5261410499708649,13251961908.75,14335095138.114502,0.9244418527446923,0.018635572510249224,0.13460879319477764,0.06856631051119248,0.014364503162683494,0.011492479909040787,0.024728990355154634,82.16,18.7,-0.004362578768783321,0.01733531451213466,-0.01682439537329128,-0.13983440662373503,-1.2911092373331843,-0.1483741688678386
QQQ,2023-05-17,2023-05-18,331.52,LONG,3.8621428571428567,328.91,285.19,43.72000000000003,314.377,0.5722211947475443,34923426.0,337.31321428571425,327.6578571428571,15,1.5,1.0,target_first,2023-05-18,337.31321428571425,1,1,0.01873673199396997,0.018392077259026918,0.0435878849002489,0.03893821969815825,0.08201100477856132,0.12738524890169378,0.16326940057519068,34977572.0,0.9984519794570075,-0.008617079964851152,11563844817.12,11213023411.919,1.0312869591289795,0.011663876712801573,0.13203672384633977,0.05325771287339721,0.0066743174679873745,0.009988177390544584,0.019097151311340932,81.99,16.87,-0.00328227571115991,0.0024452867098665454,-0.06225680933852129,-0.004132231404958664,-0.5587908849537456,-0.031267047575296414
QQQ,2023-05-18,2023-05-19,337.49,LONG,4.053571428571429,331.71,285.19,46.51999999999998,315.166,1.371629955947137,48080076.0,343.5703571428572,333.43642857142856,15,1.5,1.0,stop_first,2023-05-23,333.43642857142856,0,5,0.03206952477125968,0.033936235438381424,0.06673624948603596,0.06636524598457072,0.12472275234615568,0.13629549674547176,0.16894315718846994,35301126.45,1.361998350622038,1.889015061166427,16215967232.519999,11365817253.127,1.426731300651399,0.01201877258152646,0.13793103448275856,0.07013446881960612,0.016485308506537795,0.010251051389886134,0.020204956426204346,81.84,16.05,-0.0057101202770015735,-0.0018294914013903263,-0.048606994665086,-0.05197873597164793,-1.2852712196020364,-0.0753809372929688
QQQ,2023-05-25,2023-05-26,340.76,LONG,4.027142857142857,338.67,285.19,53.48000000000002,319.3796,0.26073075558709047,49731682.0,346.80071428571426,336.73285714285714,15,1.5,1.0,target_first,2023-05-26,346.80071428571426,1,1,0.006160407534652412,0.007264209683636391,0.041446965052115425,0.0604651162790697,0.19875414182369502,0.1709789918391503,0.15711283189603187,35851082.1,1.3871738058361145,1.8590373938526894,16894847009.04,11741131417.1515,1.4389453970645392,0.011854300179980149,0.15742376074414227,0.06368722360476388,0.003090780642882407,0.013369462442014646,0.023757564878448933,81.46,19.14,-0.004643206256109589,-0.007674503593616877,-0.04443334997503745,0.1925233644859814,1.3776694923809432,0.09184255561893884
QQQ,2023-05-26,2023-05-30,352.71,LONG,4.512857142857139,341.01,285.19,55.81999999999999,320.2114,1.6375435264324136,43589769.0,359.4792857142857,348.19714285714286,15,1.5,1.0,stop_first,2023-05-31,348.19714285714286,0,2,0.045116390688744845,0.035333273899735396,0.07190105528720436,0.08010912698412698,0.24511134906980028,0.19277166034769025,0.17517600342770573,35935609.4,1.2129965159294058,1.014640740859902,15186675519.599998,11824714524.5875,1.2843164617650489,0.012953091684434958,0.16021814006888632,0.08803121937569977,0.021211251435131993,0.01318934448793363,0.024360485277501676,81.44,17.46,-0.004157495720225057,-0.009004623996106242,-0.08777429467084641,0.038667459845330265,-0.1402445400500221,-0.008743045304871133
QQQ,2023-06-12,2023-06-13,363.31,LONG,5.605000000000002,357.66,304.77,52.89000000000004,328.9838,0.5049063336306838,28599737.0,371.71750000000003,357.705,15,1.5,1.0,target_first,2023-06-15,371.71750000000003,1,3,0.03345565047875709,0.015750915750915917,0.03470149253731347,0.10909762175799176,0.18660142146467593,0.14767652440242734,0.1740464758508485,37698424.55,0.7586454166557473,-1.2042936979321581,10309919191.130001,12979834841.446001,0.7943028025448619,0.01554828150572832,0.14671696857055685,0.09576824147572019,0.007850425809315055,0.013345399616572884,0.027395651747564198,81.35,15.01,-0.0006142506142507997,-0.009979311184130535,0.0853217642805495,0.01900882552613714,-0.7491688167418062,-0.08470028660284168
QQQ,2023-06-13,2023-06-14,363.27,LONG,5.565000000000006,360.59,304.77,55.81999999999999,329.8304,0.4797843665768218,37248731.0,371.6175,357.705,15,1.5,1.0,target_first,2023-06-15,371.6175,1,2,0.028628061730143095,0.023729004621801497,0.037945025430024426,0.11160072217632111,0.18611812005465153,0.1490093813304229,0.17425040536677125,38346007.15,0.9713848655556828,-0.15888860902376342,13530974023.06,13259381420.2785,1.0204830522761894,0.01531960579199473,0.15366404228376368,0.10135390794784227,0.007350107361118802,0.013209834294944045,0.02717688174353583,81.2,14.61,-0.001966568338249708,-0.011925042589437829,-0.02664890073284476,0.04656160458452718,-0.882173432546069,-0.10222140289427617
QQQ,2023-06-14,2023-06-15,364.61,LONG,5.705714285714289,364.11,304.77,59.34000000000003,330.7454,0.3137205808713004,44789679.0,373.16857142857145,358.9042857142857,15,1.5,1.0,stop_first,2023-06-26,358.9042857142857,0,12,0.03215796897038081,0.04896508227739238,0.05146699617805095,0.11841300892529638,0.07227633704431,0.1408276793680273,0.17366491600648126,39144695.9,1.14420812245983,0.8453729564308529,16388543546.099998,13607438039.9515,1.2043812727997114,0.015593643852731045,0.16217545777534856,0.10628900658935833,0.004892047007378966,0.013526127121080034,0.02733765664981691,81.15,13.88,-0.0018450184501843658,-0.011330409356725024,-0.049965776865160794,-0.00430416068866557,-1.1448288181388215,-0.13617127209360225
QQQ,2023-06-15,2023-06-16,372.72,LONG,5.593571428571429,366.19,304.77,61.420000000000016,331.76919999999996,0.7276209934874205,46165790.0,381.1103571428572,367.1264285714286,15,1.5,1.0,stop_first,2023-06-20,367.1264285714286,0,5,0.027102000055480024,0.04844966728019262,0.051845118036419446,0.11820488040589505,0.0713696506048489,0.1412595668930844,0.17357820385481174,39706814.1,1.1626666869755233,0.9539123482701868,17093345405.4,13883913069.3655,1.2311619440427088,0.015107144786289172,0.16588343326311245,0.11601679721927183,0.010992275698158032,0.01380342977277449,0.027856951659594564,81.32,14.5,-0.0013508534937984873,-0.00817172825954382,0.04466858789625361,0.06227106227106227,-0.7505805312194975,-0.09088059186808362
QQQ,2023-07-13,2023-07-14,379.59,LONG,4.9949999999999966,374.19,309.89,64.30000000000001,349.6658,0.9929929929929896,34808897.0,387.0825,374.59499999999997,15,1.5,1.0,target_first,2023-07-18,387.0825,1,5,0.034911016486515845,0.03181298644750452,0.04007790640258935,0.043742773770852894,0.11967456135591499,0.1261168872547273,0.15215749238854362,34221612.9,1.0171612045789928,0.08914498709022095,13197793297.55,12562071405.5565,1.050606454259789,0.013174205459580632,0.16958987208228937,0.08432108601985092,0.013081893709613556,0.01543661075265823,0.030692709751890312,81.38,13.61,0.008301325734109799,0.002216748768472776,0.005169867060561328,-0.11852331606217614,-0.5716208070864879,-0.026605635817479656
QQQ,2023-07-18,2023-07-19,386.82,LONG,4.762857142857139,383.5,315.05,68.44999999999999,353.5574,0.47030593881223987,41639333.0,393.9642857142857,382.0571428571429,15,1.5,1.0,stop_first,2023-07-20,382.0571428571429,0,2,0.01738098377950692,0.04772251948827977,0.04172405411974389,0.048405946783355525,0.09028404813974007,0.11508587397810097,0.14793607641287335,33148728.45,1.2561366588406802,1.4618143588072314,16061956311.42,12246318229.123001,1.3115743042854318,0.012347324993148594,0.1774511328874371,0.09102510653149966,0.005807020272722583,0.017368714559736542,0.03304868477875278,81.2,13.3,0.0035842293906811484,-0.0001231375446372196,-0.013353115727002929,-0.10377358490566035,-0.835098113748915,-0.040369421696309415
QQQ,2023-11-14,2023-11-15,387.24,LONG,5.60499999999999,380.83,342.35,38.47999999999996,364.44,0.8028545941124011,44451451.0,395.6475,381.635,15,1.5,1.0,timeout,2023-12-06,385.05,0,22,0.041235441943415996,0.033887845452106324,0.09821301336677402,0.0465236284627919,0.20194868906066393,0.16013266408079696,0.21067660713728528,41055303.35,1.0827212898915286,0.4225580144569219,17128477613.83,14828060938.7635,1.1551394133438415,0.014545973581086316,0.09986245555757393,0.05732082098562174,0.011678301715412764,-7.353207480076396e-05,0.0002299947139641212,81.35,14.16,0.0028353057199210774,0.008054522924411334,-0.04065040650406504,-0.04388926401080351,-1.2432175957212634,-0.1946995763073336
QQQ,2023-11-20,2023-11-21,389.01,LONG,4.981428571428564,387.75,342.35,45.39999999999998,365.48,0.6002294235732748,34496990.0,396.48214285714283,384.0285714285714,15,1.5,1.0,stop_first,2023-12-04,384.0285714285714,0,14,0.013277319641097574,0.0358686142997271,0.058313696812112514,0.09860263727612661,0.13475771406083561,0.1546211615871944,0.18899899085090072,38226440.35,0.9024379378290712,-0.48821018876554184,13479353872.6,14005178659.588001,0.9624549747083719,0.012748703924421774,0.11618979372472737,0.06911458903359963,0.007652147207862029,0.0032534090522291503,0.003106919758033788,81.29,13.41,0.0032086881401951484,0.003704161007531903,-0.02826086956521745,-0.09146341463414631,-1.1199223220077652,-0.17395589503511155
QQQ,2023-12-11,2023-12-12,395.56,LONG,4.409285714285716,394.14,342.35,51.789999999999964,372.514,0.31297586262757054,28599639.0,402.1739285714286,391.1507142857143,15,1.5,1.0,target_first,2023-12-13,402.1739285714286,1,2,0.027191273860537546,0.02381445433837226,0.016316776729963678,0.045270752398319125,0.10421461657884742,0.10156919096800678,0.11290748889704987,31126454.4,0.9188209692138917,-0.3919273370271609,11311729217.279999,12078131628.736,0.9365462776020262,0.011148072699953772,0.13094154530744329,0.061758752691173945,0.003489077669902901,0.00895539528438749,0.015792318226365065,81.5,12.63,-0.0002453385672227526,0.006172839506172867,0.02267206477732797,-0.0344036697247706,-0.8625610080639964,-0.043580326379160206
QQQ,2023-12-12,2023-12-13,399.63,LONG,4.433571428571428,395.79,342.35,53.44,373.2622,0.6495891735137739,24656649.0,406.28035714285716,395.19642857142856,15,1.5,1.0,target_first,2023-12-14,406.28035714285716,1,2,0.02110493558384352,0.02938366598672837,0.02173300187088345,0.05689138676069039,0.10408946439819833,0.10596190779447956,0.11278921969940252,30816921.45,0.8001009782889913,-0.933385428112972,9829866256.83,11987829289.043499,0.81998717364237,0.01112090558249035,0.13404570195901372,0.06806957682829927,0.00722401986605462,0.0094682730367599,0.016749602030109445,81.51,12.07,-0.0013477088948786742,0.005923731951129163,-0.04433887569279493,-0.06070038910505837,-1.644059430133532,-0.07658174584959077
QQQ,2023-12-13,2023-12-14,404.98,LONG,4.511428571428573,398.79,342.35,56.44,374.2386,1.097213426219123,39515995.0,411.7471428571429,400.46857142857147,15,1.5,1.0,stop_first,2023-12-14,400.46857142857147,0,1,0.029502511665859155,0.04853915075964155,0.035735358251455906,0.047777229906833085,0.05455780692235524,0.11535471007346548,0.0974278518805746,30570148.65,1.2926333938516847,1.4514606366301361,15954187821.300001,11929114799.417,1.3374159013106082,0.011174093652916663,0.13979293604795165,0.07883045736062498,0.012260365581810047,0.010423405277851128,0.01830307581793278,81.92,12.19,0.0039215686274509665,0.007006760909649801,0.009942004971002394,-0.060138781804163544,-1.3409538483308634,-0.06031990749662752
QQQ,2024-01-19,2024-01-22,423.41,LONG,5.663571428571422,413.58,346.45,67.13,396.6104,1.3419094463362395,42568835.0,431.90535714285716,417.7464285714286,15,1.5,1.0,stop_first,2024-01-31,417.7464285714286,0,10,0.02847235788239888,0.028899474777085654,0.06283435954375705,0.029377260729299026,0.15241972822762853,0.13577096054885288,0.15500053281738535,31056664.5,1.3706827724529143,1.480694300964055,17929141925.3,12645036333.032,1.4178798267636916,0.013446914451235628,0.15938553587539767,0.06194895544847028,0.018044541526188382,0.012885217013778094,0.027456673604278503,82.03,13.3,-0.0017037848363149477,0.0036706227823319892,-0.05874026893135176,0.06913183279742774,0.023781937843029,0.0011667733072378006
QQQ,2024-02-07,2024-02-08,432.11,LONG,5.3792857142857144,430.24,382.66,47.579999999999984,407.76059999999995,0.3253220023901208,27676620.0,440.17892857142857,426.73071428571427,15,1.5,1.0,stop_first,2024-02-13,426.73071428571427,0,6,0.006946225029719644,0.036021776146965,0.014465866660404503,0.06467036352433775,0.11914860234901563,0.16523548587335962,0.14332837885448155,32247052.3,0.8582682144873129,-0.6515568654913323,11956023073.800001,13545580942.25,0.8826511852664797,0.012452338513126958,0.11014143845922356,0.05942065025409531,0.004051019699530082,0.009611799189162218,0.02012323719031217,81.86,12.83,-0.005346294046172484,-0.0014637716516223698,-0.01761102603369069,-0.10592334494773514,-1.023282980345427,-0.044604959416188694
QQQ,2024-02-09,2024-02-12,436.94,LONG,5.0392857142857155,433.56,382.66,50.89999999999998,409.57020000000006,0.6925584691708024,23874874.0,444.49892857142856,431.9007142857143,15,1.5,1.0,stop_first,2024-02-13,431.9007142857143,0,2,0.022123997287121,0.01874082189226356,0.031240414336613176,0.06766825454989611,0.08465872635030007,0.1642656490508651,0.14471130503976395,31397514.2,0.7604065037734739,-1.016412503067172,10434513681.7,13255312143.970001,0.787194867111959,0.011530227009005183,0.11646264729435986,0.06709423683656661,0.007985356366548471,0.010384329219796262,0.019825292411858264,81.81,12.93,-0.0013427734375,-0.004381161007667056,0.01094605160281481,-0.06642599277978334,-0.967418693580245,-0.03926886354348558
QQQ,2024-03-01,2024-03-04,445.61,LONG,5.75928571428571,440.59,391.53,49.06,420.7786,0.8716358675431055,29521434.0,454.24892857142856,439.8507142857143,15,1.5,1.0,stop_first,2024-03-05,439.8507142857143,0,2,0.01830438756855579,0.020216127112047344,0.025546017352880313,0.05624822224329207,0.11294540711404277,0.18019168771454186,0.16202102502148952,29943331.5,0.9859101349494127,-0.06749741945228827,13155046204.74,12971379901.651001,1.014159349620592,0.01292449836019324,0.1100962725253024,0.059012982124090986,0.01126545634074648,0.00842683165317526,0.018576408977290404,81.66,13.11,-0.0001224439818783285,-0.006327573618885474,-0.02164179104477615,-0.046545454545454557,-0.9551587111286557,-0.05879819082489768
QQQ,2024-05-15,2024-05-16,452.71,LONG,5.5835714285714335,449.34,413.07,36.26999999999998,437.0838,0.6375847511833183,27354957.0,461.0853571428571,447.12642857142856,15,1.5,1.0,stop_first,2024-05-31,447.12642857142856,0,16,0.024521558159525725,0.029177839385538196,0.07444486619851953,0.0635449934247605,0.08223240862199252,0.1083533387663524,0.1692245188827703,27577111.35,0.9919442487220475,-0.027286277679618026,12389060025.3,11868177163.844501,1.0438890365609244,0.012328486263129684,0.08008390373150802,0.03618573829549386,0.007860454846544497,0.0011470900149570529,0.0015324862802608141,81.53,12.45,0.00307578740157477,0.00418770784579392,-0.07228017883755589,-0.04230769230769238,-1.288169607132306,-0.15311883545337068
QQQ,2024-06-05,2024-06-06,464.22,LONG,5.392857142857151,460.58,413.07,47.50999999999999,441.0184,0.5470198675496659,23273329.0,472.30928571428575,458.82714285714286,15,1.5,1.0,target_first,2024-06-12,472.30928571428575,1,7,0.028444010561114563,0.01553325738322675,0.016959192628345665,0.05271166424418605,0.16059532237007965,0.13329857181656907,0.10988781541708703,20661204.25,1.126426548926837,0.522746189611649,10787886191.369999,9334931499.5115,1.15564706521248,0.011634321711339398,0.10249606282225529,0.05104458226686231,0.006364205121567081,0.0024521547957947476,0.006524103763056344,81.46,12.63,0.002337886058816352,0.0019680196801967753,-0.04027355623100304,-0.11554621848739488,-0.33036372702121275,-0.017273576097105336
QQQ,2024-06-11,2024-06-12,471.99,LONG,5.605714285714295,465.74,413.07,52.670000000000016,442.65979999999996,0.40672782874617186,16201671.0,480.3985714285715,466.38428571428574,15,1.5,1.0,target_first,2024-06-17,480.3985714285715,1,6,0.010035177072317936,0.03004159605607759,0.018143056038983696,0.05628780355691965,0.12146742135670775,0.12713679229533542,0.11159498784982114,20096496.6,0.8061938019584965,-0.72663915053342,7582706061.42,9156099953.402,0.8281589432193347,0.011977510118615219,0.11253792572966971,0.057290497126687406,0.004871586684329672,0.004576947778587082,0.007051135634602135,81.36,12.85,-0.00024576062914716257,0.0007380073800737907,0.008634222919937207,-0.023556231003039496,0.10681024367963254,0.0055166477561721106
QQQ,2024-06-12,2024-06-13,477.72,LONG,5.944285714285725,468.14,413.07,55.06999999999999,443.32060000000007,1.0110550348473892,23310563.0,486.6364285714286,471.7757142857143,15,1.5,1.0,target_first,2024-06-17,486.6364285714286,1,5,0.02417055469155005,0.022911138437641698,0.038800280431162903,0.06328347498486298,0.08161821030830099,0.12787662253989435,0.1166233733233235,19984673.3,1.166422020018711,0.6313728621519202,11052703446.449999,9139125793.626,1.2093830084009356,0.012536719844533849,0.11614467995360117,0.06954199737165362,0.012675313719287127,0.005220190359404686,0.007685145870024224,81.47,12.04,0.0001227596366315531,0.0011059228311625091,-0.06303501945525292,-0.046714172604909066,-1.0134288645858955,-0.052751662011722655
QQQ,2024-06-17,2024-06-18,485.0,LONG,5.860000000000014,479.26,413.07,66.19,445.7818,0.9897610921501703,24063806.0,493.79,479.14,15,1.5,1.0,stop_first,2024-06-21,479.14,0,4,0.023009596119371478,0.04352128735236538,0.07046542934698663,0.07371170533026383,0.0542345485410962,0.09870204743910764,0.11066373607815272,19203488.95,1.2530955214781427,0.9599099338555739,11672389738.36,8867415852.470999,1.3163237106002383,0.012080979672617849,0.136457345483033,0.08811082013666782,0.011957283635014249,0.008103602364911255,0.012029062629403287,81.53,12.75,0.0031992125015380957,0.0013510194055514901,0.007109004739336511,0.0007849293563579884,0.022783437539735597,0.0011778563015312216
QQQ,2024-07-03,2024-07-05,491.9,LONG,5.365000000000009,487.2,413.07,74.13,456.81199999999995,0.715750232991617,12799342.0,499.9475,486.53499999999997,15,1.5,1.0,target_first,2024-07-09,499.9475,1,5,0.0249003360397404,0.02221204488207018,0.012015416005441093,0.08070515218874497,0.08699016930480824,0.1231853469597684,0.12084267616455532,17858833.75,0.7166952881231676,-1.3423349049389728,6284988895.68,8516361560.122,0.7379899093422199,0.010925790159661145,0.15096529814271747,0.0749279791248918,0.007820136852394981,0.013616901928484193,0.022696642293932312,81.5,12.09,-0.0009806325079676492,0.0014745637748834195,0.004987531172069959,-0.03665338645418337,-1.1498393425329139,-0.03707538528931531
QQQ,2024-07-05,2024-07-08,496.53,LONG,5.4592857142857225,491.17,413.07,78.10000000000002,458.23380000000003,0.9140389899254222,18725891.0,504.71892857142853,491.07071428571425,15,1.5,1.0,stop_first,2024-07-11,491.07071428571425,0,4,0.029548472775564383,0.03021116671165469,0.03051072756350348,0.07039458071753724,0.0927158806338714,0.12028521328713959,0.10841140000050394,17631461.85,1.0620725132896454,0.306781736381034,9291038078.560001,8441519154.481501,1.1006357870582455,0.011003075044916403,0.15740890035472432,0.08276604650289872,0.010057239600129008,0.014497701276153796,0.0240804293043293,81.65,12.48,0.00012248897599231867,0.0023324330959981765,0.032258064516129004,0.019607843137254832,-0.16799292468221383,-0.005419190309212452
QQQ,2024-07-10,2024-07-11,503.07,LONG,5.281428571428579,500.0,413.07,86.93,462.55600000000004,0.5604544225047289,17984942.0,510.9921428571429,497.7885714285714,15,1.5,1.0,stop_first,2024-07-11,497.7885714285714,0,1,0.013705256368913066,0.03281448930140862,0.04918853519128863,0.0820299894585117,0.06466131123852858,0.07825610128046409,0.10942308519265932,17867079.6,1.0065966236586308,0.03405341226803131,9045706428.32,8638353541.155,1.0471563111215907,0.010500693040060004,0.1728368061078416,0.08734942363735404,0.005885159853666255,0.015785927676892353,0.028613108170313373,81.65,12.85,0.0033177684934875273,0.004675772117632704,0.027178257394084637,0.06816292601828766,0.7251598697100156,0.023292852876766856
QQQ,2024-10-14,2024-10-15,497.83,LONG,6.0807142857142855,494.47,423.45,71.02000000000004,472.9724,0.4982967226594575,15530726.0,506.9510714285714,491.7492857142857,15,1.5,1.0,stop_first,2024-10-15,491.7492857142857,0,1,0.008820845584507797,0.031943580170089136,0.019320999037023334,0.05126362944806018,0.08955063932470646,0.13964932542397343,0.1358833183357908,19205551.4,0.80865816745048,-0.7155056559100684,7726536185.0,9308049402.672,0.8300918754021647,0.01222254127781766,0.1427537688442212,0.051858417108482456,0.006090452261306478,0.007025745168016906,0.009892829812238713,82.5,19.7,0.0010921004732435957,-0.008413461538461564,-0.03714565004887593,-0.1298586572438163,0.5831807351206543,0.07082676523346199
QQQ,2024-11-06,2024-11-07,508.4,LONG,7.096428571428565,501.35,448.19,53.160000000000025,482.9046,0.5960744841469503,24613430.0,519.0446428571428,501.3035714285714,15,1.5,1.0,stop_first,2024-11-15,501.3035714285714,0,9,0.03723611595511156,0.018534187517627698,0.03526087312638215,0.025205312785156586,0.2774692082681528,0.20860203912856282,0.1722698175610798,18544642.55,1.3272528674325943,1.4169971557211027,12444057939.4,9145655948.644001,1.3606523150747916,0.01403621300571337,0.10514656434194396,0.04695627252256443,0.008366628426757311,0.0027255436136812694,0.007153663614297923,81.99,16.27,-0.00425066796210849,-0.004975728155339976,-0.2059541239629087,-0.20049140049140057,-2.369481662906556,-0.18022874993701832
QQQ,2024-11-07,2024-11-08,513.03,LONG,7.412857142857141,506.41,448.19,58.22000000000003,483.74840000000006,0.9618423588359912,18566047.0,524.1492857142857,505.6171428571428,15,1.5,1.0,stop_first,2024-11-15,505.6171428571428,0,8,0.056644925001543056,0.06136199235300177,0.04310204744881374,0.042530299031648955,0.1568422115578986,0.21584355476635855,0.17902409294027044,18720751.8,0.9917361865777207,-0.03677298239052003,9534407776.38,9251853538.334,1.0305402843738574,0.014434819376985515,0.11336994197141417,0.06158490653405758,0.01388402071893122,0.004421337198075692,0.007669772348158688,82.13,15.2,-0.0027926177756192327,-0.004122711288953584,-0.06576521204671171,-0.34369602763385154,-2.4307913038482343,-0.22292374939290915
QQQ,2024-12-04,2024-12-05,523.31,LONG,6.562142857142845,517.15,470.83,46.31999999999999,497.75679999999994,0.931098291063463,15812856.0,533.1532142857142,516.7478571428571,15,1.5,1.0,target_first,2024-12-13,533.1532142857142,1,9,0.02652332561698123,0.027389998232903334,0.03932785126921701,0.06308283049917729,0.11701751449665615,0.08931691577011223,0.15784232877933188,16983940.3,0.9310475496666695,-0.28491570019321677,8274235030.559999,8631973193.788,0.958556617913799,0.012540883799913706,0.08852195849099873,0.05123626638551207,0.011676795474525119,0.006666254095877289,0.013468202678655006,82.15,13.45,-0.00024339783375926238,0.0007309051041539671,0.011278195488721776,-0.046099290780141855,-1.2450791201798608,-0.09722455280732956
QQQ,2024-12-06,2024-12-09,525.55,LONG,5.727142857142853,524.04,477.4,46.639999999999986,499.2168,0.42604140683463193,13894732.0,534.1407142857142,519.8228571428571,15,1.5,1.0,stop_first,2024-12-10,519.8228571428571,0,2,0.018592682879640998,0.03284027151096636,0.042575943601726784,0.02519764770027666,0.08905909546176977,0.09598090707340405,0.12502480162236654,16064751.9,0.8649204224560729,-0.5540310370549544,7315298503.360001,8183226773.5855,0.8939381378227144,0.010878177437211011,0.08858836043154533,0.05461194414931557,0.00463455401914613,0.007164914073082285,0.0137036259397052,82.23,12.77,-0.0010932944606412143,0.0012175818823816353,-0.05686853766617428,-0.05547337278106512,-1.5236577816764378,-0.12776202998531472
QQQ,2024-12-11,2024-12-12,527.68,LONG,5.87785714285714,526.72,477.4,49.32000000000005,501.55300000000005,0.5444160894397748,19361377.0,536.4967857142857,521.8021428571428,15,1.5,1.0,target_first,2024-12-16,536.4967857142857,1,5,0.0065339614040418326,0.012727898176814634,0.04046651351828934,0.033163712932093414,0.15014954261183872,0.1365193196380432,0.14220539655436323,16288131.55,1.188680048449142,0.7726288886923073,10259980899.84,8325074252.6095,1.2324191458861766,0.011091970755693577,0.09307065217391315,0.05655832982755542,0.006038647342995041,0.0076266160502480584,0.014343711106608037,82.17,13.58,0.00024345709068773758,0.0029293299157817643,-0.042313117066290484,0.009665427509293778,-0.7431232397493199,-0.06390018611704706
QQQ,2024-12-16,2024-12-17,536.36,LONG,5.7949999999999955,533.17,477.4,55.76999999999998,504.43980000000005,0.8628127696289912,17959509.0,545.0525,530.565,15,1.5,1.0,stop_first,2024-12-18,530.565,0,2,0.015568387681159424,0.030227037788582933,0.04440218129596918,0.08377469440360863,0.1520264307017213,0.13816547347364763,0.11347113151651815,15728201.2,1.1418666872089607,0.6937273724668698,9665268958.529999,8110421970.782999,1.1917097523838074,0.010767972945351832,0.10362896482524107,0.06686665088678552,0.00929074456026906,0.009022073916836959,0.016355094994705333,82.1,14.69,-0.0012165450121655041,0.0009753718605218786,0.06372194062273717,0.03523608174770976,0.23778008554679023,0.019820195077927094
QQQ,2025-06-24,2025-06-25,542.06,LONG,6.801428571428557,536.78,402.39,134.39,501.48380000000003,0.4410838059231263,27859005.0,552.2621428571427,535.2585714285714,15,1.5,1.0,target_first,2025-06-30,552.2621428571427,1,6,0.0203973610087147,0.010275318647176679,0.017109478047861115,0.05997172256696248,0.14332070888850426,0.14294462921442586,0.13891563349487876,30876073.4,0.9022845825985114,-0.537191814716688,15037733718.9,16288911130.036499,0.9231883947829178,0.012600371579955829,0.24897180332728147,0.07636577692041087,0.005557819852532514,0.019588524287525555,0.03320751762587415,82.72,17.48,0.003883495145631022,0.0027882167535460134,-0.11850731215330301,-0.08529565672422812,-0.8675165683556275,-0.07008910759409492
QQQ,2025-06-26,2025-06-27,547.26,LONG,6.456428571428554,543.31,402.39,140.91999999999996,504.9938,0.45071357451046856,23406722.0,556.9446428571429,540.8035714285714,15,1.5,1.0,target_first,2025-07-03,556.9446428571429,1,7,0.02740524781341125,0.032571504187224765,0.025938656298717166,0.052629550403731074,0.1052961697064156,0.14305440356590762,0.11731671704278242,30387167.8,0.7702831061471941,-1.1943255060885007,12785219690.84,16093875251.370502,0.794415235059763,0.011820198036374636,0.25799128556259376,0.08163704188051418,0.005327523708396034,0.017961495990391985,0.034948063414198316,82.83,16.59,0.00424345295829287,0.004487024011642138,-0.010143198090692196,-0.2516914749661706,-1.1975708761386785,-0.10573269007896935
QQQ,2025-06-30,2025-07-01,549.73,LONG,6.442857142857122,549.99,415.43,134.56,508.945,0.25609756097560704,27139828.0,559.3942857142857,543.287142857143,15,1.5,1.0,target_first,2025-07-15,559.3942857142857,1,15,0.019365806785423878,0.03759992476253182,0.046834674358585016,0.06266494577257231,0.07316349363848906,0.11852272493986028,0.11696323006410757,29330293.45,0.9253173019310518,-0.4638395362370333,14971414717.92,15636790018.829998,0.9574480887631831,0.011679459689031111,0.24392719889783193,0.08388922182161136,0.0029910811398737897,0.018680903853752096,0.03828905745398692,82.86,16.73,0.002540834845734974,0.002540834845734974,0.025122549019607865,-0.15632879475542094,-0.9125365288267158,-0.08661589277427462
QQQ,2025-07-03,2025-07-07,553.52,LONG,6.569285714285708,552.8,427.93,124.86999999999995,515.5914,0.5206045449603247,16052769.0,563.3739285714286,546.9507142857143,15,1.5,1.0,target_first,2025-07-21,563.3739285714286,1,15,0.00830251613371047,0.01830764160960774,0.05147545322217817,0.051912930007375735,0.1012157062061614,0.10563626051994206,0.12438737609083464,28888905.25,0.5556724583739635,-2.1997725004695057,8928871173.18,15495406145.435001,0.5762269855579407,0.011810588821483779,0.22449750098881727,0.07879999550031286,0.006148646219122061,0.020985604179694972,0.03932403301541654,82.41,16.4,-0.005070626584570803,-0.0003639010189229186,-0.014423076923077094,-0.011452682338758402,-0.9398270995459401,-0.09527224582115079
QQQ,2025-08-12,2025-08-13,582.76,LONG,6.848571428571437,576.8,505.58,71.21999999999997,550.3704,0.4745515227367537,27042716.0,593.0328571428571,575.9114285714286,15,1.5,1.0,stop_first,2025-08-15,575.9114285714286,0,3,0.018990232590822664,0.035304406803862376,0.02254698022071011,0.04190616467883301,0.09520827733654112,0.1721142401892833,0.12824510664577327,28131854.05,0.9612845264992408,-0.18532831106514372,15686127415.8,15893491902.697,0.9869528679936086,0.011806863940300729,0.12278251874838372,0.05392659198241754,0.005602965261615378,0.010116389873038756,0.01835694516452424,82.68,14.73,0.0003629764065335994,0.0036416605972324767,-0.09353846153846146,-0.1747899159663866,-1.30260518999102,-0.10007331378299134
QQQ,2025-09-12,2025-09-15,588.44,LONG,5.810714285714304,584.88,539.38,45.5,567.9576000000001,0.30633066994467784,33438620.0,597.1560714285715,582.6292857142857,15,1.5,1.0,target_first,2025-09-18,597.1560714285715,1,4,0.010594132745344487,0.018400861021421466,0.016600817910861432,0.011674627946679506,0.030547897933105188,0.10135049349595332,0.11182126300257372,32872166.0,1.0172320254162748,0.06926855642849114,19617100809.2,18864802425.2495,1.0398784130886836,0.009904739177230941,0.07755769951931273,0.03292921865998429,0.0030341253877884515,0.005918358672088786,0.012697102863828968,82.93,14.76,0.0001205981669079037,0.002781136638452253,0.003399048266485405,-0.02766798418972327,-0.7262255926250772,-0.03510492253383024
QQQ,2025-09-15,2025-09-16,592.61,LONG,5.882142857142875,587.86,541.52,46.34000000000003,568.6668,0.649423193685476,29398871.0,601.4332142857144,586.7278571428571,15,1.5,1.0,stop_first,2025-09-17,586.7278571428571,0,2,0.018908214224212072,0.022129320918340856,0.037307152875175165,0.024838050368933162,0.04395827991912436,0.0776296069602764,0.1134883138599133,33023050.8,0.8902530289539451,-0.4483265693182001,17394723993.28,18972993246.1885,0.9168149573222686,0.00994142586726419,0.07831936181719855,0.04046868922187823,0.0064561925365061125,0.006010943462316343,0.012466510274455445,82.96,15.69,-0.00012052549114138777,0.003507923067618046,0.0630081300813008,0.03838517538054265,0.48882472062072396,0.023683695439420394
QQQ,2025-09-18,2025-09-19,597.32,LONG,6.182142857142878,592.86,544.66,48.200000000000045,570.9844,0.39792027729636503,39714116.0,606.5932142857143,591.1378571428572,15,1.5,1.0,stop_first,2025-09-25,591.1378571428572,0,7,0.006151974040021768,0.019243939186412762,0.03492516037063442,0.05198798374271085,0.07288161100430988,0.05677930888214773,0.0997280562581236,33381249.8,1.189713274306464,0.8001334060146871,23642607537.120003,19308853582.009,1.2244438768311432,0.01038457108301901,0.08096485923536928,0.04262042885935237,0.0041322314049587385,0.00660037613681963,0.012530899882607027,82.93,15.7,-0.00012056908608626404,0.002296350012086279,-0.0012722646310433516,0.06730115567641048,0.3832871669154725,0.01924887200960801
QQQ,2025-09-22,2025-09-23,602.37,LONG,5.501428571428578,600.05,549.58,50.469999999999914,572.8224,0.39080758244613395,33275682.0,610.6221428571429,596.8685714285714,15,1.5,1.0,stop_first,2025-09-24,596.8685714285714,0,2,0.020677966101694922,0.017779881016765975,0.04030265862801663,0.05285242232984255,0.06801225058297024,0.05765946444326505,0.0865554360502822,33430690.65,0.995363283049613,-0.01964352825423317,20038615700.4,19446556756.368004,1.030445438308153,0.009135550600180302,0.08380936565924926,0.05128570391102029,0.003570242444370792,0.0073076184507343545,0.013362487594402284,82.92,16.1,-0.00048216007714552145,0.0008449004224502232,0.04207119741100329,0.026131293817718504,0.9527966835170938,0.04274611398963746
QQQ,2025-10-02,2025-10-03,606.51,LONG,5.732142857142841,603.79,551.56,52.23000000000002,579.0098,0.33844236760125657,25428192.0,615.1082142857142,600.7778571428571,15,1.5,1.0,stop_first,2025-10-10,600.7778571428571,0,8,0.011691413491891067,0.020554984583761593,0.017486393872203188,0.05302226935312837,0.011486166260774033,0.07077653048314982,0.06556461032405422,35113947.15,0.7241621652893557,-1.3171322280868867,15402618740.16,20789502498.829998,0.7408844315070472,0.009463197888733992,0.08622653657570208,0.04614809628438064,0.003202747098542345,0.0066678883246933385,0.01405537524317646,82.82,16.63,-0.00024142926122661112,0.00024154589371971902,0.020871700429711426,-0.006571087216248439,1.3909750873120914,0.05473457220777567
QQQ,2025-10-08,2025-10-09,611.48,LONG,5.947857142857141,609.71,551.7,58.00999999999999,582.211,0.2908610544013482,33109632.0,620.4017857142858,605.5321428571428,15,1.5,1.0,stop_first,2025-10-10,605.5321428571428,0,2,0.013694088000265392,0.013576460837132265,0.025733937258849204,0.0529361115894611,0.10364207930181536,0.08282275405329706,0.0825123527452285,34333200.4,0.9643619474518897,-0.17567112736586105,20244553390.08,20518259022.134003,0.9866603871332972,0.009727621913609088,0.09487439487112388,0.05020344857792113,0.0028293863666099994,0.006986855454974128,0.013510667076566119,82.8,16.3,0.0,-0.001326739838378943,-0.054524361948955824,0.0006138735420504471,0.37582193602196146,0.014880767075524659
QQQ,2025-10-24,2025-10-27,624.51,LONG,9.967857142857147,613.18,558.84,54.33999999999992,590.7493999999999,0.3932640630598423,29771455.0,639.4617857142857,614.5421428571428,15,1.5,1.0,stop_first,2025-11-06,614.5421428571428,0,11,0.009355883411299004,0.021807163081814185,0.04681933842239183,0.035454804772052206,0.13117300274852922,0.14406547936536132,0.1768116872706785,31961350.55,0.9314830095626231,-0.34852359476036693,18371964880.5,19305208586.622498,0.9516584500014578,0.01615274208857097,0.08805704099821733,0.044605377508635816,0.006352292983309144,0.005734265924752124,0.01232961314317893,83.11,16.37,0.00024070285232880018,0.0026541199179634933,-0.05375722543352601,-0.21222329162656395,-0.7836255002963712,-0.1027924693760105
QQQ,2025-10-27,2025-10-28,630.36,LONG,10.308571428571424,618.42,558.84,59.57999999999993,591.7643999999999,0.9380543237250629,32922352.0,645.8228571428572,620.0514285714286,15,1.5,1.0,stop_first,2025-11-04,620.0514285714286,0,8,0.037325141620836,0.027062824999182444,0.0433215395093105,0.04903712858884646,0.15042454761784466,0.1347779085582215,0.1851464285082815,31954708.7,1.0302817124413342,0.15402790150023696,20678200067.68,19349561924.508003,1.0686650244773321,0.016412570536979452,0.09485901701985372,0.0613852404774605,0.015395882755656152,0.006194983685329891,0.0123989550346697,83.09,15.79,-0.00012033694344149026,0.002050168837433697,-0.0354306658521687,-0.13384530992868904,-1.0124342842780243,-0.1337977947226946
QQQ,2025-10-28,2025-10-29,635.58,LONG,10.262142857142846,628.55,558.84,69.70999999999992,592.8806000000001,0.4258369875408932,32617443.0,650.9732142857143,625.3178571428572,15,1.5,1.0,stop_first,2025-11-04,625.3178571428572,0,7,0.03658816207540361,0.03523177074814354,0.05839464882943135,0.05421656645068862,0.14366365465932146,0.12214038532347841,0.1860289971240808,32114790.35,1.0156517493815742,0.08034391670950605,20644232023.559998,19498755033.201,1.0587461603783712,0.01621396520435892,0.11014030209189143,0.06753366529449586,0.006904506098717065,0.00677374240012929,0.013133399977785176,83.1,16.42,-0.0002406159769009486,0.0016875602700097136,0.03989867004433201,-0.08114157806379407,-0.75554310702867,-0.09958324193902168
QQQ,2026-04-17,2026-04-20,648.04,LONG,11.628571428571417,642.18,555.6,86.57999999999993,602.1004,0.5735872235872304,32879475.0,665.4828571428571,636.4114285714286,15,1.5,1.0,timeout,2026-04-23,651.42,0,4,0.03221444479796376,0.06182597738393314,0.10918321993914315,0.0941452227580859,0.07006443870410699,0.13308894447890404,0.23044907482825908,44351751.6,0.7413343061742796,-0.7378706577165063,21333847353.75,26256229958.223,0.8125251564179192,0.01792181772146323,0.13343607921707626,0.07764419355974515,0.010279725668490518,0.0024307389246547295,-0.0018517370354369511,82.64,17.48,0.0027909234316223497,0.0018184022305733905,-0.02564102564102566,-0.0910036401456058,-1.4292445148676938,-0.25418666666666667
QQQ,2026-04-22,2026-04-23,653.49,LONG,10.339285714285706,650.2,555.6,94.60000000000002,604.605,0.47488773747840834,23934385.0,668.9989285714286,643.1507142857143,15,1.5,1.0,timeout,2026-04-23,651.42,0,1,0.009647838483470839,0.027784750549105786,0.08087907736474786,0.12180211651083939,0.1320380070353447,0.11935596439715689,0.21784707509097548,39645774.85,0.6037058196127045,-1.0077564452293144,15679654957.35,23739261315.420498,0.6604946442526771,0.015782518530148688,0.1444032299919098,0.08353387749026223,0.007494924516493365,0.006401231507987992,0.005158418373199636,82.52,18.92,0.0001211974306143393,0.0025513303365325424,-0.029743589743589705,0.04127682993946058,-0.8123474960003978,-0.15187376725838253
