date,open,high,low,close,volume,symbol
2021-05-03,86.25,86.27,86.25,86.26,2555680,SHY
2021-05-04,86.26,86.28,86.26,86.26,1743214,SHY
2021-05-05,86.26,86.28,86.26,86.28,1164858,SHY
2021-05-06,86.29,86.29,86.27,86.28,1752539,SHY
2021-05-07,86.31,86.32,86.3,86.31,1667206,SHY
2021-05-10,86.29,86.3,86.28,86.28,2115993,SHY
2021-05-11,86.28,86.29,86.27,86.27,2325826,SHY
2021-05-12,86.24,86.26,86.24,86.26,2893771,SHY
2021-05-13,86.27,86.28,86.26,86.28,4422279,SHY
2021-05-14,86.28,86.29,86.28,86.28,2845513,SHY
2021-05-17,86.27,86.29,86.27,86.28,3290483,SHY
2021-05-18,86.29,86.29,86.28,86.29,3178887,SHY
2021-05-19,86.29,86.3,86.26,86.26,4871118,SHY
2021-05-20,86.28,86.3,86.27,86.3,3100539,SHY
2021-05-21,86.3,86.3,86.28,86.28,1239416,SHY
2021-05-24,86.29,86.3,86.28,86.3,2244598,SHY
2021-05-25,86.3,86.31,86.29,86.3,1911294,SHY
2021-05-26,86.32,86.32,86.31,86.32,1628558,SHY
2021-05-27,86.31,86.32,86.3,86.32,1150000,SHY
2021-05-28,86.31,86.33,86.31,86.32,1852050,SHY
2021-06-01,86.29,86.31,86.29,86.29,2010257,SHY
2021-06-02,86.31,86.31,86.29,86.3,1061952,SHY
2021-06-03,86.29,86.29,86.27,86.27,1400289,SHY
2021-06-04,86.29,86.3,86.29,86.3,1851285,SHY
2021-06-07,86.29,86.29,86.28,86.29,1092928,SHY
2021-06-08,86.3,86.31,86.3,86.31,1094851,SHY
2021-06-09,86.32,86.32,86.29,86.29,1738775,SHY
2021-06-10,86.29,86.32,86.28,86.32,1568682,SHY
2021-06-11,86.32,86.32,86.3,86.3,1505544,SHY
2021-06-14,86.29,86.3,86.27,86.27,3325437,SHY
2021-06-15,86.28,86.28,86.26,86.26,2073101,SHY
2021-06-16,86.28,86.28,86.17,86.18,1850359,SHY
2021-06-17,86.2,86.2,86.17,86.17,2344055,SHY
2021-06-18,86.12,86.13,86.05,86.11,3965380,SHY
2021-06-21,86.09,86.13,86.08,86.13,3769819,SHY
2021-06-22,86.15,86.18,86.14,86.18,2329719,SHY
2021-06-23,86.17,86.17,86.12,86.12,2501822,SHY
2021-06-24,86.13,86.14,86.12,86.13,948190,SHY
2021-06-25,86.13,86.14,86.12,86.12,1160662,SHY
2021-06-28,86.14,86.15,86.13,86.15,1279135,SHY
2021-06-29,86.13,86.15,86.13,86.14,1467535,SHY
2021-06-30,86.16,86.16,86.14,86.16,2174785,SHY
2021-07-01,86.14,86.14,86.12,86.13,2040044,SHY
2021-07-02,86.16,86.17,86.14,86.17,1616176,SHY
2021-07-06,86.17,86.21,86.16,86.2,2932924,SHY
2021-07-07,86.19,86.21,86.18,86.21,1403532,SHY
2021-07-08,86.23,86.26,86.23,86.25,1223635,SHY
2021-07-09,86.23,86.24,86.21,86.22,949063,SHY
2021-07-12,86.21,86.22,86.18,86.2,1075565,SHY
2021-07-13,86.16,86.16,86.13,86.13,1800287,SHY
2021-07-14,86.17,86.19,86.17,86.19,1446333,SHY
2021-07-15,86.2,86.2,86.18,86.2,1256571,SHY
2021-07-16,86.17,86.21,86.16,86.19,1616274,SHY
2021-07-19,86.24,86.28,86.23,86.23,9042325,SHY
2021-07-20,86.28,86.29,86.25,86.27,1738693,SHY
2021-07-21,86.25,86.26,86.23,86.24,1930823,SHY
2021-07-22,86.24,86.26,86.23,86.25,2138745,SHY
2021-07-23,86.24,86.26,86.24,86.26,1202771,SHY
2021-07-26,86.26,86.26,86.24,86.24,1380593,SHY
2021-07-27,86.27,86.27,86.26,86.26,1182108,SHY
2021-07-28,86.26,86.28,86.22,86.27,2283442,SHY
2021-07-29,86.25,86.27,86.25,86.27,1024308,SHY
2021-07-30,86.28,86.29,86.27,86.28,1837791,SHY
2021-08-02,86.29,86.32,86.29,86.31,2508433,SHY
2021-08-03,86.31,86.32,86.3,86.31,1086220,SHY
2021-08-04,86.32,86.34,86.26,86.28,1625030,SHY
2021-08-05,86.24,86.25,86.22,86.24,1204188,SHY
2021-08-06,86.21,86.22,86.21,86.21,1275457,SHY
2021-08-09,86.22,86.23,86.18,86.18,1590229,SHY
2021-08-10,86.18,86.19,86.15,86.15,956860,SHY
2021-08-11,86.17,86.2,86.17,86.19,1586186,SHY
2021-08-12,86.18,86.19,86.17,86.19,1489341,SHY
2021-08-13,86.18,86.21,86.18,86.2,1098552,SHY
2021-08-16,86.22,86.24,86.21,86.22,1528005,SHY
2021-08-17,86.21,86.23,86.2,86.2,1283937,SHY
2021-08-18,86.2,86.22,86.18,86.2,2071489,SHY
2021-08-19,86.22,86.22,86.19,86.2,1436510,SHY
2021-08-20,86.2,86.21,86.19,86.2,1476908,SHY
2021-08-23,86.19,86.2,86.18,86.2,1232674,SHY
2021-08-24,86.2,86.2,86.18,86.19,1034488,SHY
2021-08-25,86.2,86.2,86.17,86.18,1111020,SHY
2021-08-26,86.19,86.2,86.17,86.18,1803290,SHY
2021-08-27,86.2,86.24,86.17,86.24,2029876,SHY
2021-08-30,86.23,86.26,86.23,86.26,1166932,SHY
2021-08-31,86.25,86.26,86.25,86.25,1677601,SHY
2021-09-01,86.24,86.24,86.22,86.23,1134508,SHY
2021-09-02,86.23,86.24,86.22,86.23,1379531,SHY
2021-09-03,86.23,86.24,86.23,86.23,955269,SHY
2021-09-07,86.22,86.22,86.2,86.2,1086727,SHY
2021-09-08,86.22,86.23,86.21,86.22,1036534,SHY
2021-09-09,86.21,86.24,86.21,86.24,1370000,SHY
2021-09-10,86.21,86.23,86.21,86.21,1080303,SHY
2021-09-13,86.22,86.23,86.21,86.23,883350,SHY
2021-09-14,86.24,86.25,86.23,86.24,1209486,SHY
2021-09-15,86.23,86.24,86.22,86.24,1545533,SHY
2021-09-16,86.21,86.22,86.2,86.21,962980,SHY
2021-09-17,86.2,86.2,86.19,86.19,2452497,SHY
2021-09-20,86.21,86.22,86.2,86.21,2181881,SHY
2021-09-21,86.22,86.24,86.22,86.23,1550078,SHY
2021-09-22,86.21,86.23,86.16,86.18,1402603,SHY
2021-09-23,86.15,86.16,86.13,86.13,2721560,SHY
2021-09-24,86.13,86.14,86.1,86.1,1120285,SHY
2021-09-27,86.1,86.11,86.09,86.09,1542742,SHY
2021-09-28,86.1,86.11,86.09,86.1,2025740,SHY
2021-09-29,86.11,86.13,86.11,86.13,2203812,SHY
2021-09-30,86.11,86.15,86.11,86.15,4041442,SHY
2021-10-01,86.16,86.18,86.15,86.18,3508451,SHY
2021-10-04,86.15,86.16,86.14,86.14,4283317,SHY
2021-10-05,86.13,86.14,86.12,86.13,3028543,SHY
2021-10-06,86.12,86.12,86.1,86.12,3410863,SHY
2021-10-07,86.1,86.1,86.08,86.09,2025526,SHY
2021-10-08,86.1,86.1,86.05,86.06,1609407,SHY
2021-10-11,86.02,86.04,85.99,85.99,1591412,SHY
2021-10-12,86.03,86.04,86.0,86.03,1176764,SHY
2021-10-13,85.98,86.01,85.98,86.0,2374204,SHY
2021-10-14,86.01,86.02,85.94,86.0,2936714,SHY
2021-10-15,85.97,85.99,85.93,85.95,2356168,SHY
2021-10-18,85.89,85.92,85.87,85.89,2497812,SHY
2021-10-19,85.92,85.94,85.92,85.92,1369454,SHY
2021-10-20,85.94,85.95,85.94,85.95,1913933,SHY
2021-10-21,85.88,85.89,85.84,85.85,1562038,SHY
2021-10-22,85.82,85.84,85.77,85.83,3147032,SHY
2021-10-25,85.84,85.88,85.84,85.87,1422936,SHY
2021-10-26,85.85,85.86,85.83,85.85,2192066,SHY
2021-10-27,85.86,85.87,85.77,85.83,3194438,SHY
2021-10-28,85.8,85.88,85.79,85.84,2179979,SHY
2021-10-29,85.78,85.88,85.76,85.85,3153962,SHY
2021-11-01,85.79,85.82,85.77,85.8,4153729,SHY
2021-11-02,85.86,85.9,85.84,85.89,1937555,SHY
2021-11-03,85.87,85.89,85.79,85.87,2473850,SHY
2021-11-04,85.92,85.99,85.92,85.95,3162228,SHY
2021-11-05,85.93,86.0,85.92,85.99,2425863,SHY
2021-11-08,85.95,85.96,85.88,85.89,1899277,SHY
2021-11-09,85.94,85.96,85.93,85.94,1486480,SHY
2021-11-10,85.82,85.84,85.77,85.77,5001937,SHY
2021-11-11,85.75,85.76,85.71,85.71,1378113,SHY
2021-11-12,85.78,85.8,85.75,85.78,2138120,SHY
2021-11-15,85.79,85.79,85.74,85.77,1829550,SHY
2021-11-16,85.75,85.78,85.66,85.77,1570131,SHY
2021-11-17,85.76,85.8,85.75,85.8,990890,SHY
2021-11-18,85.78,85.81,85.77,85.79,1342137,SHY
2021-11-19,85.86,85.88,85.77,85.77,2229715,SHY
2021-11-22,85.69,85.71,85.65,85.67,2607516,SHY
2021-11-23,85.67,85.7,85.66,85.67,2607731,SHY
2021-11-24,85.64,85.66,85.62,85.65,1371215,SHY
2021-11-26,85.83,85.89,85.82,85.82,1930423,SHY
2021-11-29,85.81,85.86,85.79,85.86,3057999,SHY
2021-11-30,85.91,85.96,85.76,85.79,5618655,SHY
2021-12-01,85.66,85.75,85.61,85.75,7777107,SHY
2021-12-02,85.68,85.69,85.61,85.64,3735507,SHY
2021-12-03,85.6,85.71,85.58,85.69,2337618,SHY
2021-12-06,85.66,85.67,85.6,85.62,3264769,SHY
2021-12-07,85.55,85.56,85.51,85.51,3718520,SHY
2021-12-08,85.49,85.54,85.48,85.54,2050878,SHY
2021-12-09,85.53,85.56,85.51,85.51,1500880,SHY
2021-12-10,85.54,85.61,85.52,85.55,1542922,SHY
2021-12-13,85.55,85.62,85.54,85.6,2183830,SHY
2021-12-14,85.55,85.58,85.55,85.55,2119337,SHY
2021-12-15,85.54,85.58,85.46,85.58,3240677,SHY
2021-12-16,85.58,85.63,85.58,85.63,2102699,SHY
2021-12-17,85.62,85.65,85.57,85.59,2111845,SHY
2021-12-20,85.64,85.67,85.61,85.61,4796554,SHY
2021-12-21,85.57,85.58,85.53,85.56,1730973,SHY
2021-12-22,85.56,85.57,85.53,85.55,2489674,SHY
2021-12-23,85.55,85.55,85.52,85.54,1735063,SHY
2021-12-27,85.49,85.51,85.48,85.51,2087789,SHY
2021-12-28,85.51,85.53,85.5,85.51,2702647,SHY
2021-12-29,85.5,85.52,85.49,85.5,2877754,SHY
2021-12-30,85.51,85.55,85.5,85.55,1354153,SHY
2021-12-31,85.56,85.57,85.51,85.54,2119429,SHY
2022-01-03,85.45,85.46,85.42,85.44,4645348,SHY
2022-01-04,85.44,85.49,85.44,85.49,2445098,SHY
2022-01-05,85.45,85.46,85.37,85.38,2595012,SHY
2022-01-06,85.33,85.34,85.29,85.31,2754104,SHY
2022-01-07,85.28,85.32,85.26,85.29,2281520,SHY
2022-01-10,85.27,85.28,85.24,85.24,3664789,SHY
2022-01-11,85.19,85.27,85.18,85.27,7170578,SHY
2022-01-12,85.28,85.28,85.24,85.24,6254458,SHY
2022-01-13,85.26,85.29,85.25,85.28,2951340,SHY
2022-01-14,85.25,85.25,85.17,85.17,1678107,SHY
2022-01-18,85.09,85.1,85.03,85.04,2765614,SHY
2022-01-19,85.07,85.12,85.07,85.08,3213046,SHY
2022-01-20,85.06,85.08,85.05,85.06,1849558,SHY
2022-01-21,85.15,85.17,85.12,85.13,4687843,SHY
2022-01-24,85.17,85.24,85.15,85.18,7521698,SHY
2022-01-25,85.19,85.21,85.14,85.14,4421866,SHY
2022-01-26,85.15,85.18,84.97,84.99,5187841,SHY
2022-01-27,84.92,84.96,84.9,84.92,5893743,SHY
2022-01-28,84.92,84.97,84.91,84.95,3097666,SHY
2022-01-31,84.93,84.97,84.9,84.95,5684685,SHY
2022-02-01,84.95,84.95,84.87,84.92,12549557,SHY
2022-02-02,84.95,84.97,84.93,84.94,4509067,SHY
2022-02-03,84.9,84.9,84.85,84.87,2779492,SHY
2022-02-04,84.75,84.75,84.66,84.7,5587841,SHY
2022-02-07,84.72,84.73,84.68,84.72,3174710,SHY
2022-02-08,84.68,84.69,84.63,84.63,7499035,SHY
2022-02-09,84.66,84.67,84.61,84.62,2103883,SHY
2022-02-10,84.45,84.46,84.19,84.19,4790293,SHY
2022-02-11,84.33,84.45,84.25,84.45,5011754,SHY
2022-02-14,84.28,84.33,84.22,84.27,3791922,SHY
2022-02-15,84.27,84.32,84.25,84.3,1899426,SHY
2022-02-16,84.33,84.42,84.31,84.41,2648475,SHY
2022-02-17,84.41,84.46,84.4,84.46,3879507,SHY
2022-02-18,84.49,84.52,84.44,84.47,2284452,SHY
2022-02-22,84.42,84.44,84.36,84.39,2743595,SHY
2022-02-23,84.36,84.39,84.32,84.34,4005234,SHY
2022-02-24,84.52,84.54,84.39,84.41,4206278,SHY
2022-02-25,84.37,84.41,84.32,84.41,4009105,SHY
2022-02-28,84.56,84.63,84.54,84.56,4871564,SHY
2022-03-01,84.7,84.86,84.69,84.73,7059856,SHY
2022-03-02,84.59,84.61,84.43,84.45,4359369,SHY
2022-03-03,84.44,84.49,84.4,84.45,6529750,SHY
2022-03-04,84.53,84.6,84.52,84.54,2687698,SHY
2022-03-07,84.46,84.51,84.43,84.43,5832128,SHY
2022-03-08,84.38,84.41,84.3,84.32,5353075,SHY
2022-03-09,84.26,84.29,84.23,84.27,3966312,SHY
2022-03-10,84.2,84.21,84.16,84.2,4179461,SHY
2022-03-11,84.17,84.18,84.12,84.17,2442798,SHY
2022-03-14,84.03,84.05,83.95,83.95,3318706,SHY
2022-03-15,84.08,84.09,83.97,83.98,4311718,SHY
2022-03-16,83.96,83.98,83.76,83.9,5040226,SHY
2022-03-17,83.86,83.9,83.84,83.87,3872072,SHY
2022-03-18,83.83,83.87,83.82,83.85,4545841,SHY
2022-03-21,83.74,83.76,83.56,83.57,5069249,SHY
2022-03-22,83.48,83.54,83.46,83.51,2660985,SHY
2022-03-23,83.56,83.61,83.52,83.58,3846205,SHY
2022-03-24,83.55,83.57,83.5,83.56,3186705,SHY
2022-03-25,83.44,83.45,83.27,83.33,4245777,SHY
2022-03-28,83.28,83.32,83.25,83.25,2698444,SHY
2022-03-29,83.28,83.34,83.23,83.29,4357382,SHY
2022-03-30,83.28,83.37,83.27,83.35,4574492,SHY
2022-03-31,83.38,83.42,83.34,83.35,4926311,SHY
2022-04-01,83.13,83.19,83.11,83.14,9589020,SHY
2022-04-04,83.17,83.2,83.12,83.19,4695502,SHY
2022-04-05,83.14,83.14,83.02,83.04,4362911,SHY
2022-04-06,83.0,83.19,82.99,83.1,6983897,SHY
2022-04-07,83.16,83.21,83.12,83.16,5644461,SHY
2022-04-08,83.05,83.12,83.04,83.06,3940085,SHY
2022-04-11,83.03,83.11,83.02,83.08,6224413,SHY
2022-04-12,83.21,83.31,83.19,83.29,4860266,SHY
2022-04-13,83.36,83.46,83.3,83.33,3954936,SHY
2022-04-14,83.26,83.28,83.16,83.18,3745633,SHY
2022-04-18,83.2,83.21,83.16,83.18,3861774,SHY
2022-04-19,83.08,83.11,82.97,82.99,5375655,SHY
2022-04-20,83.0,83.05,82.98,83.04,5129141,SHY
2022-04-21,82.95,82.95,82.81,82.9,5415816,SHY
2022-04-22,82.76,82.92,82.76,82.88,4609887,SHY
2022-04-25,83.05,83.16,82.99,83.01,5489149,SHY
2022-04-26,83.14,83.18,83.1,83.16,5452853,SHY
2022-04-27,83.21,83.22,83.08,83.12,7546349,SHY
2022-04-28,83.05,83.07,82.98,83.06,4034788,SHY
2022-04-29,82.89,82.98,82.88,82.9,7226811,SHY
2022-05-02,82.87,82.89,82.83,82.85,9811050,SHY
2022-05-03,82.88,82.9,82.78,82.81,7214531,SHY
2022-05-04,82.73,83.04,82.67,83.03,9544801,SHY
2022-05-05,82.93,82.95,82.84,82.89,5610409,SHY
2022-05-06,82.89,83.0,82.86,82.88,6002866,SHY
2022-05-09,83.0,83.11,82.99,83.09,6198252,SHY
2022-05-10,83.11,83.13,83.03,83.04,9345561,SHY
2022-05-11,82.98,83.09,82.92,83.05,6851239,SHY
2022-05-12,83.14,83.24,83.11,83.17,4955566,SHY
2022-05-13,83.11,83.14,83.07,83.14,4696334,SHY
2022-05-16,83.17,83.23,83.16,83.19,4099402,SHY
2022-05-17,83.03,83.11,82.99,83.01,3165380,SHY
2022-05-18,82.98,83.11,82.97,83.05,2777812,SHY
2022-05-19,83.22,83.22,83.14,83.17,3807217,SHY
2022-05-20,83.18,83.29,83.16,83.23,4614645,SHY
2022-05-23,83.22,83.24,83.16,83.19,3290856,SHY
2022-05-24,83.26,83.42,83.25,83.38,4286206,SHY
2022-05-25,83.48,83.48,83.39,83.44,2985832,SHY
2022-05-26,83.51,83.53,83.43,83.46,3538409,SHY
2022-05-27,83.49,83.5,83.44,83.48,3552927,SHY
2022-05-31,83.39,83.39,83.32,83.35,7171598,SHY
2022-06-01,83.24,83.27,83.1,83.13,9002658,SHY
2022-06-02,83.16,83.18,83.11,83.15,4891412,SHY
2022-06-03,83.1,83.14,83.1,83.12,2936170,SHY
2022-06-06,83.08,83.08,83.01,83.01,2946423,SHY
2022-06-07,83.05,83.08,83.01,83.02,3197146,SHY
2022-06-08,82.99,83.01,82.96,82.96,3927345,SHY
2022-06-09,82.93,82.96,82.88,82.9,4695519,SHY
2022-06-10,82.72,82.74,82.55,82.55,5615034,SHY
2022-06-13,82.31,82.34,82.01,82.13,8101135,SHY
2022-06-14,82.15,82.18,81.94,81.97,7633128,SHY
2022-06-15,82.13,82.34,82.0,82.29,7582501,SHY
2022-06-16,82.19,82.43,82.16,82.4,6232212,SHY
2022-06-17,82.43,82.44,82.29,82.38,6386712,SHY
2022-06-21,82.33,82.36,82.31,82.35,4416023,SHY
2022-06-22,82.53,82.59,82.5,82.59,3709165,SHY
2022-06-23,82.73,82.86,82.65,82.66,6075791,SHY
2022-06-24,82.61,82.73,82.59,82.64,5783358,SHY
2022-06-27,82.55,82.62,82.48,82.55,6922999,SHY
2022-06-28,82.51,82.54,82.49,82.53,3892285,SHY
2022-06-29,82.53,82.64,82.51,82.63,3854170,SHY
2022-06-30,82.76,82.85,82.74,82.79,14678490,SHY
2022-07-01,82.92,83.07,82.89,82.96,9045335,SHY
2022-07-05,82.98,83.01,82.93,82.95,7425870,SHY
2022-07-06,82.97,82.97,82.71,82.72,4186732,SHY
2022-07-07,82.72,82.72,82.61,82.66,4370959,SHY
2022-07-08,82.58,82.59,82.52,82.56,2698922,SHY
2022-07-11,82.64,82.69,82.58,82.59,14341294,SHY
2022-07-12,82.69,82.73,82.62,82.63,4424144,SHY
2022-07-13,82.44,82.64,82.43,82.54,10643019,SHY
2022-07-14,82.38,82.57,82.34,82.51,4992470,SHY
2022-07-15,82.5,82.63,82.49,82.57,5250518,SHY
2022-07-18,82.52,82.54,82.47,82.52,2134840,SHY
2022-07-19,82.53,82.54,82.42,82.43,8554872,SHY
2022-07-20,82.51,82.51,82.41,82.42,4990933,SHY
2022-07-21,82.54,82.67,82.51,82.65,5105541,SHY
2022-07-22,82.82,82.95,82.8,82.86,5634963,SHY
2022-07-25,82.79,82.83,82.77,82.79,10963070,SHY
2022-07-26,82.87,82.88,82.75,82.75,2633923,SHY
2022-07-27,82.77,82.91,82.73,82.88,6197692,SHY
2022-07-28,83.08,83.1,83.01,83.06,3886183,SHY
2022-07-29,83.0,83.09,82.98,83.05,4782078,SHY
2022-08-01,82.96,82.98,82.9,82.96,5764793,SHY
2022-08-02,82.95,82.97,82.67,82.67,9837554,SHY
2022-08-03,82.65,82.7,82.51,82.7,5562553,SHY
2022-08-04,82.72,82.83,82.69,82.81,4861684,SHY
2022-08-05,82.5,82.54,82.45,82.47,4342400,SHY
2022-08-08,82.53,82.56,82.51,82.55,5713596,SHY
2022-08-09,82.48,82.49,82.44,82.47,3546649,SHY
2022-08-10,82.67,82.72,82.54,82.55,5628355,SHY
2022-08-11,82.66,82.69,82.52,82.52,2777605,SHY
2022-08-12,82.61,82.62,82.5,82.54,3286459,SHY
2022-08-15,82.62,82.65,82.59,82.61,7840657,SHY
2022-08-16,82.59,82.59,82.53,82.54,2963762,SHY
2022-08-17,82.42,82.49,82.39,82.47,3589525,SHY
2022-08-18,82.56,82.61,82.52,82.59,3141438,SHY
2022-08-19,82.51,82.54,82.48,82.53,3832194,SHY
2022-08-22,82.46,82.49,82.4,82.42,3104618,SHY
2022-08-23,82.43,82.57,82.4,82.46,3941642,SHY
2022-08-24,82.42,82.45,82.37,82.37,3285500,SHY
2022-08-25,82.44,82.46,82.4,82.42,2255006,SHY
2022-08-26,82.41,82.45,82.34,82.4,3474840,SHY
2022-08-29,82.38,82.39,82.33,82.34,3043496,SHY
2022-08-30,82.31,82.36,82.25,82.3,3479348,SHY
2022-08-31,82.31,82.35,82.27,82.29,4447369,SHY
2022-09-01,82.14,82.19,82.07,82.13,5803455,SHY
2022-09-02,82.29,82.34,82.24,82.31,3677349,SHY
2022-09-06,82.19,82.2,82.12,82.13,4146838,SHY
2022-09-07,82.18,82.25,82.16,82.25,2962614,SHY
2022-09-08,82.2,82.22,82.14,82.15,4621266,SHY
2022-09-09,82.14,82.18,82.05,82.08,3254817,SHY
2022-09-12,82.13,82.14,82.05,82.07,2877934,SHY
2022-09-13,81.82,81.85,81.74,81.79,4826782,SHY
2022-09-14,81.72,81.79,81.71,81.72,3816122,SHY
2022-09-15,81.67,81.69,81.63,81.63,2955557,SHY
2022-09-16,81.6,81.7,81.59,81.67,3983861,SHY
2022-09-19,81.55,81.6,81.53,81.58,3892708,SHY
2022-09-20,81.54,81.67,81.51,81.54,8877922,SHY
2022-09-21,81.54,81.55,81.32,81.47,3854865,SHY
2022-09-22,81.38,81.39,81.28,81.32,5805999,SHY
2022-09-23,81.32,81.34,81.2,81.22,9146691,SHY
2022-09-26,81.18,81.2,81.0,81.04,5247622,SHY
2022-09-27,81.11,81.12,81.01,81.04,14277272,SHY
2022-09-28,81.3,81.39,81.23,81.39,6202853,SHY
2022-09-29,81.25,81.31,81.19,81.28,3808617,SHY
2022-09-30,81.29,81.35,81.18,81.21,5553083,SHY
2022-10-03,81.27,81.41,81.23,81.28,7758593,SHY
2022-10-04,81.33,81.41,81.29,81.31,5396904,SHY
2022-10-05,81.23,81.26,81.16,81.23,5074081,SHY
2022-10-06,81.23,81.24,81.13,81.13,4222861,SHY
2022-10-07,81.06,81.08,81.03,81.03,3768356,SHY
2022-10-10,81.04,81.05,80.96,81.0,2653664,SHY
2022-10-11,81.07,81.12,81.04,81.04,3489289,SHY
2022-10-12,81.06,81.13,81.05,81.12,5748857,SHY
2022-10-13,80.8,80.98,80.79,80.88,5273101,SHY
2022-10-14,80.98,80.99,80.82,80.84,4723333,SHY
2022-10-17,80.98,80.99,80.92,80.93,3318736,SHY
2022-10-18,81.01,81.02,80.92,80.97,6198066,SHY
2022-10-19,80.85,80.88,80.81,80.82,3895470,SHY
2022-10-20,80.77,80.82,80.73,80.73,5009388,SHY
2022-10-21,80.83,80.99,80.8,80.94,3631612,SHY
2022-10-24,80.9,80.97,80.87,80.92,3215559,SHY
2022-10-25,81.04,81.09,80.98,81.0,4808288,SHY
2022-10-26,81.02,81.11,81.01,81.07,5713299,SHY
2022-10-27,81.16,81.25,81.12,81.24,3595512,SHY
2022-10-28,81.14,81.19,81.09,81.12,4151171,SHY
2022-10-31,81.01,81.03,80.96,81.0,6503872,SHY
2022-11-01,80.98,80.99,80.78,80.78,4769680,SHY
2022-11-02,80.83,80.96,80.69,80.74,5091185,SHY
2022-11-03,80.56,80.64,80.56,80.59,4340960,SHY
2022-11-04,80.63,80.71,80.57,80.68,3829438,SHY
2022-11-07,80.64,80.64,80.6,80.61,3233027,SHY
2022-11-08,80.65,80.71,80.64,80.69,6692456,SHY
2022-11-09,80.72,80.84,80.7,80.82,4088685,SHY
2022-11-10,81.17,81.29,81.16,81.26,5127943,SHY
2022-11-11,81.19,81.28,81.17,81.24,3565938,SHY
2022-11-14,81.16,81.17,81.11,81.17,6882586,SHY
2022-11-15,81.25,81.26,81.18,81.25,13808542,SHY
2022-11-16,81.29,81.3,81.24,81.26,7269300,SHY
2022-11-17,81.19,81.19,81.12,81.16,4450364,SHY
2022-11-18,81.14,81.18,81.07,81.07,4016355,SHY
2022-11-21,81.13,81.14,81.04,81.05,3097554,SHY
2022-11-22,81.1,81.12,81.06,81.11,3187870,SHY
2022-11-23,81.1,81.2,81.08,81.18,3525864,SHY
2022-11-25,81.16,81.2,81.15,81.19,1379217,SHY
2022-11-28,81.2,81.25,81.19,81.21,3804163,SHY
2022-11-29,81.21,81.23,81.18,81.18,4039052,SHY
2022-11-30,81.14,81.42,81.11,81.42,9177424,SHY
2022-12-01,81.3,81.43,81.27,81.43,13830937,SHY
2022-12-02,81.29,81.42,81.24,81.41,4693595,SHY
2022-12-05,81.32,81.33,81.18,81.18,5611528,SHY
2022-12-06,81.23,81.29,81.21,81.27,3951339,SHY
2022-12-07,81.37,81.45,81.35,81.44,4598322,SHY
2022-12-08,81.39,81.42,81.35,81.36,3709855,SHY
2022-12-09,81.35,81.4,81.32,81.32,4090723,SHY
2022-12-12,81.36,81.37,81.24,81.27,4386843,SHY
2022-12-13,81.59,81.62,81.49,81.51,4811139,SHY
2022-12-14,81.58,81.62,81.43,81.52,4606283,SHY
2022-12-15,81.39,81.4,81.31,81.35,5384957,SHY
2022-12-16,81.3,81.48,81.29,81.43,3715787,SHY
2022-12-19,81.39,81.4,81.33,81.33,4122768,SHY
2022-12-20,81.29,81.35,81.27,81.33,3134795,SHY
2022-12-21,81.42,81.43,81.38,81.41,4778050,SHY
2022-12-22,81.39,81.45,81.36,81.36,5924929,SHY
2022-12-23,81.31,81.34,81.3,81.32,2566695,SHY
2022-12-27,81.25,81.26,81.16,81.21,3231004,SHY
2022-12-28,81.23,81.25,81.21,81.21,3871331,SHY
2022-12-29,81.25,81.28,81.23,81.27,3386095,SHY
2022-12-30,81.2,81.27,81.16,81.17,5244511,SHY
2023-01-03,81.29,81.3,81.21,81.24,6839435,SHY
2023-01-04,81.36,81.38,81.27,81.32,3582079,SHY
2023-01-05,81.18,81.25,81.15,81.21,4238016,SHY
2023-01-06,81.29,81.53,81.26,81.52,4641401,SHY
2023-01-09,81.53,81.62,81.53,81.6,5465060,SHY
2023-01-10,81.53,81.55,81.48,81.53,3649381,SHY
2023-01-11,81.53,81.61,81.52,81.6,4697285,SHY
2023-01-12,81.74,81.79,81.68,81.78,4296907,SHY
2023-01-13,81.72,81.76,81.62,81.64,4342210,SHY
2023-01-17,81.66,81.72,81.65,81.69,4974571,SHY
2023-01-18,81.86,81.89,81.83,81.87,3455347,SHY
2023-01-19,81.86,81.88,81.82,81.85,4503447,SHY
2023-01-20,81.77,81.79,81.73,81.78,2849095,SHY
2023-01-23,81.73,81.75,81.68,81.7,4452995,SHY
2023-01-24,81.7,81.76,81.67,81.73,3400334,SHY
2023-01-25,81.75,81.81,81.75,81.78,2652860,SHY
2023-01-26,81.76,81.78,81.72,81.73,5111052,SHY
2023-01-27,81.7,81.73,81.69,81.73,3617790,SHY
2023-01-30,81.67,81.67,81.64,81.65,3540845,SHY
2023-01-31,81.74,81.8,81.69,81.8,5467158,SHY
2023-02-01,81.64,81.79,81.53,81.79,7076863,SHY
2023-02-02,81.85,81.86,81.77,81.8,7906589,SHY
2023-02-03,81.59,81.63,81.5,81.5,5903728,SHY
2023-02-06,81.35,81.38,81.27,81.27,3597458,SHY
2023-02-07,81.33,81.42,81.27,81.31,4071720,SHY
2023-02-08,81.33,81.36,81.29,81.34,4073395,SHY
2023-02-09,81.38,81.39,81.26,81.28,3468533,SHY
2023-02-10,81.31,81.32,81.24,81.24,4163103,SHY
2023-02-13,81.21,81.26,81.21,81.26,3889447,SHY
2023-02-14,81.16,81.2,81.09,81.09,4270088,SHY
2023-02-15,81.1,81.14,81.08,81.1,3136135,SHY
2023-02-16,81.12,81.17,81.08,81.11,4747443,SHY
2023-02-17,81.1,81.18,81.08,81.18,2753221,SHY
2023-02-21,81.08,81.1,81.02,81.02,5179727,SHY
2023-02-22,81.08,81.11,81.04,81.06,3099411,SHY
2023-02-23,81.09,81.12,81.05,81.11,3605788,SHY
2023-02-24,80.98,80.99,80.91,80.94,3302417,SHY
2023-02-27,81.0,81.01,80.97,81.01,2908857,SHY
2023-02-28,80.95,81.01,80.93,80.99,3065371,SHY
2023-03-01,80.76,80.79,80.67,80.68,4820414,SHY
2023-03-02,80.66,80.72,80.64,80.71,4162251,SHY
2023-03-03,80.77,80.77,80.68,80.76,5087339,SHY
2023-03-06,80.8,80.8,80.71,80.72,3501647,SHY
2023-03-07,80.75,80.76,80.54,80.55,5460559,SHY
2023-03-08,80.59,80.63,80.48,80.51,7190017,SHY
2023-03-09,80.65,80.79,80.63,80.77,5688569,SHY
2023-03-10,81.09,81.22,81.0,81.21,9536660,SHY
2023-03-13,81.84,82.05,81.68,82.02,9820631,SHY
2023-03-14,81.68,81.81,81.49,81.71,15686855,SHY
2023-03-15,82.25,82.41,82.01,82.19,11863764,SHY
2023-03-16,82.24,82.29,81.82,81.86,7053585,SHY
2023-03-17,82.01,82.37,82.0,82.27,6954189,SHY
2023-03-20,82.35,82.37,82.09,82.17,4200348,SHY
2023-03-21,81.91,82.0,81.84,81.86,4285346,SHY
2023-03-22,81.83,82.26,81.78,82.24,7326009,SHY
2023-03-23,82.3,82.52,82.24,82.48,4256884,SHY
2023-03-24,82.7,82.74,82.47,82.52,4912763,SHY
2023-03-27,82.23,82.29,82.14,82.17,3524523,SHY
2023-03-28,82.11,82.14,82.05,82.08,7402249,SHY
2023-03-29,82.0,82.1,81.99,82.05,3377152,SHY
2023-03-30,81.97,82.06,81.96,82.06,3469076,SHY
2023-03-31,82.03,82.16,82.01,82.16,4640716,SHY
2023-04-03,81.9,82.08,81.87,82.08,7636253,SHY
2023-04-04,82.0,82.3,82.0,82.27,4580906,SHY
2023-04-05,82.44,82.61,82.37,82.38,4875684,SHY
2023-04-06,82.39,82.44,82.33,82.35,2780601,SHY
2023-04-10,82.1,82.12,82.05,82.06,2582005,SHY
2023-04-11,82.1,82.1,81.98,82.05,2389636,SHY
2023-04-12,82.18,82.2,82.08,82.14,4504585,SHY
2023-04-13,82.26,82.3,82.17,82.19,2780922,SHY
2023-04-14,82.05,82.05,81.95,82.0,2447577,SHY
2023-04-17,81.93,81.94,81.85,81.88,2539012,SHY
2023-04-18,81.88,81.94,81.84,81.86,3239162,SHY
2023-04-19,81.84,81.85,81.78,81.79,2762170,SHY
2023-04-20,81.96,82.0,81.94,81.99,3911380,SHY
2023-04-21,82.06,82.08,81.93,81.94,2976999,SHY
2023-04-24,81.99,82.05,81.99,82.03,1596291,SHY
2023-04-25,82.18,82.38,82.17,82.35,2832756,SHY
2023-04-26,82.34,82.36,82.19,82.25,3796462,SHY
2023-04-27,82.15,82.18,82.05,82.09,2649099,SHY
2023-04-28,82.16,82.18,82.1,82.18,2927978,SHY
2023-05-01,81.9,81.9,81.8,81.81,2703472,SHY
2023-05-02,81.84,82.14,81.83,82.08,4984463,SHY
2023-05-03,82.14,82.29,82.11,82.28,4101252,SHY
2023-05-04,82.28,82.6,82.27,82.41,6758075,SHY
2023-05-05,82.27,82.28,82.16,82.21,2684223,SHY
2023-05-08,82.1,82.17,82.08,82.08,2629244,SHY
2023-05-09,82.08,82.09,82.02,82.06,3036134,SHY
2023-05-10,82.18,82.31,82.16,82.26,4108040,SHY
2023-05-11,82.42,82.43,82.29,82.31,7501071,SHY
2023-05-12,82.29,82.31,82.16,82.17,7712617,SHY
2023-05-15,82.17,82.19,82.15,82.18,3108383,SHY
2023-05-16,82.12,82.14,82.02,82.08,3745838,SHY
2023-05-17,82.06,82.07,81.95,81.99,3867367,SHY
2023-05-18,81.89,81.92,81.82,81.84,3781192,SHY
2023-05-19,81.78,81.94,81.72,81.78,4220243,SHY
2023-05-22,81.8,81.86,81.73,81.75,3749072,SHY
2023-05-23,81.7,81.77,81.66,81.74,7838774,SHY
2023-05-24,81.75,81.76,81.62,81.64,4540272,SHY
2023-05-25,81.57,81.62,81.45,81.46,6636768,SHY
2023-05-26,81.41,81.45,81.33,81.44,3191660,SHY
2023-05-30,81.47,81.61,81.44,81.6,3693583,SHY
2023-05-31,81.64,81.72,81.59,81.68,6526047,SHY
2023-06-01,81.55,81.64,81.54,81.61,4246897,SHY
2023-06-02,81.52,81.53,81.34,81.38,8291488,SHY
2023-06-05,81.31,81.49,81.28,81.4,3961138,SHY
2023-06-06,81.4,81.42,81.33,81.36,3765534,SHY
2023-06-07,81.35,81.38,81.25,81.3,5434300,SHY
2023-06-08,81.41,81.47,81.38,81.43,3264455,SHY
2023-06-09,81.35,81.35,81.28,81.28,3621512,SHY
2023-06-12,81.34,81.35,81.28,81.35,3443871,SHY
2023-06-13,81.44,81.44,81.17,81.2,4136126,SHY
2023-06-14,81.29,81.31,81.04,81.15,4435192,SHY
2023-06-15,81.29,81.33,81.25,81.32,5143113,SHY
2023-06-16,81.18,81.24,81.12,81.21,3982607,SHY
2023-06-20,81.22,81.3,81.22,81.24,3048341,SHY
2023-06-21,81.2,81.28,81.18,81.24,20097078,SHY
2023-06-22,81.22,81.26,81.14,81.15,3038604,SHY
2023-06-23,81.3,81.33,81.19,81.22,2912316,SHY
2023-06-26,81.29,81.3,81.23,81.28,2516858,SHY
2023-06-27,81.27,81.31,81.14,81.16,3055920,SHY
2023-06-28,81.2,81.25,81.15,81.25,3822227,SHY
2023-06-29,81.06,81.07,81.01,81.05,3736663,SHY
2023-06-30,81.08,81.09,81.02,81.08,5108322,SHY
2023-07-03,80.82,80.91,80.77,80.78,2959858,SHY
2023-07-05,80.84,80.84,80.75,80.76,4734211,SHY
2023-07-06,80.64,80.72,80.55,80.71,7269526,SHY
2023-07-07,80.77,80.87,80.76,80.8,2893305,SHY
2023-07-10,80.84,80.94,80.83,80.92,2393467,SHY
2023-07-11,80.91,80.94,80.89,80.91,2985024,SHY
2023-07-12,81.12,81.18,81.1,81.15,4051744,SHY
2023-07-13,81.32,81.38,81.28,81.38,3576421,SHY
2023-07-14,81.27,81.3,81.17,81.17,2690804,SHY
2023-07-17,81.21,81.23,81.17,81.2,2313011,SHY
2023-07-18,81.29,81.31,81.19,81.2,2175269,SHY
2023-07-19,81.25,81.27,81.19,81.23,5544542,SHY
2023-07-20,81.14,81.15,81.07,81.13,5833106,SHY
2023-07-21,81.14,81.16,81.1,81.14,3063728,SHY
2023-07-24,81.15,81.17,81.04,81.04,3576172,SHY
2023-07-25,81.01,81.04,80.99,81.03,2435186,SHY
2023-07-26,81.06,81.14,80.99,81.11,3561949,SHY
2023-07-27,81.07,81.09,80.98,80.99,4005462,SHY
2023-07-28,81.08,81.12,81.05,81.1,4199197,SHY
2023-07-31,81.08,81.15,81.08,81.12,3114315,SHY
2023-08-01,80.87,80.91,80.83,80.84,3869974,SHY
2023-08-02,80.88,80.9,80.81,80.88,3050995,SHY
2023-08-03,80.89,80.94,80.86,80.91,2993562,SHY
2023-08-04,81.0,81.09,81.0,81.07,2913039,SHY
2023-08-07,81.07,81.12,81.06,81.1,4498018,SHY
2023-08-08,81.12,81.16,81.1,81.14,2607478,SHY
2023-08-09,81.13,81.16,81.08,81.09,2746427,SHY
2023-08-10,81.13,81.18,81.05,81.05,3104550,SHY
2023-08-11,80.98,81.03,80.96,80.97,2871792,SHY
2023-08-14,80.92,80.95,80.89,80.9,2305659,SHY
2023-08-15,80.93,81.0,80.91,80.93,3470517,SHY
2023-08-16,80.96,80.99,80.89,80.89,3241000,SHY
2023-08-17,80.98,81.0,80.91,80.98,4066070,SHY
2023-08-18,81.01,81.05,80.99,81.01,2808730,SHY
2023-08-21,80.96,80.97,80.92,80.92,2171993,SHY
2023-08-22,80.91,80.93,80.88,80.88,2058290,SHY
2023-08-23,80.98,81.06,80.98,81.03,3891288,SHY
2023-08-24,80.98,81.04,80.97,80.98,2807026,SHY
2023-08-25,80.95,81.0,80.88,80.93,3708886,SHY
2023-08-28,80.94,80.98,80.91,80.98,2372040,SHY
2023-08-29,80.94,81.16,80.94,81.16,3827384,SHY
2023-08-30,81.21,81.22,81.15,81.16,3653968,SHY
2023-08-31,81.2,81.25,81.17,81.24,3380797,SHY
2023-09-01,81.13,81.14,80.98,80.99,3626617,SHY
2023-09-05,80.96,80.98,80.88,80.89,2842395,SHY
2023-09-06,80.92,80.92,80.79,80.8,4058093,SHY
2023-09-07,80.88,80.95,80.87,80.95,2631479,SHY
2023-09-08,80.98,81.0,80.91,80.91,3199234,SHY
2023-09-11,80.91,80.93,80.9,80.93,2158922,SHY
2023-09-12,80.91,80.91,80.88,80.89,2646131,SHY
2023-09-13,80.9,80.98,80.9,80.96,2698636,SHY
2023-09-14,81.0,81.01,80.93,80.94,2160538,SHY
2023-09-15,80.92,80.96,80.9,80.9,3192830,SHY
2023-09-18,80.88,80.91,80.87,80.89,1907503,SHY
2023-09-19,80.87,80.89,80.83,80.83,2298960,SHY
2023-09-20,80.91,80.93,80.77,80.78,3164370,SHY
2023-09-21,80.79,80.85,80.79,80.82,3337207,SHY
2023-09-22,80.86,80.93,80.85,80.9,2760790,SHY
2023-09-25,80.88,80.91,80.87,80.87,2581509,SHY
2023-09-26,80.89,80.9,80.85,80.88,12393727,SHY
2023-09-27,80.91,80.91,80.78,80.82,4923103,SHY
2023-09-28,80.89,80.96,80.86,80.96,3724890,SHY
2023-09-29,81.02,81.04,80.97,80.97,5375356,SHY
2023-10-02,80.69,80.72,80.67,80.68,4408780,SHY
2023-10-03,80.7,80.73,80.62,80.62,5532759,SHY
2023-10-04,80.72,80.8,80.67,80.8,4585583,SHY
2023-10-05,80.88,80.89,80.86,80.88,4280929,SHY
2023-10-06,80.77,80.82,80.75,80.81,2885091,SHY
2023-10-09,80.95,81.05,80.95,81.05,3231159,SHY
2023-10-10,80.96,81.03,80.94,81.0,4406299,SHY
2023-10-11,80.95,80.98,80.92,80.98,2430378,SHY
2023-10-12,80.91,80.92,80.87,80.88,4055731,SHY
2023-10-13,80.96,80.96,80.91,80.93,3182413,SHY
2023-10-16,80.89,80.9,80.87,80.88,2126646,SHY
2023-10-17,80.77,80.77,80.68,80.7,3590888,SHY
2023-10-18,80.72,80.75,80.67,80.7,4214118,SHY
2023-10-19,80.72,80.82,80.71,80.81,4736102,SHY
2023-10-20,80.89,80.97,80.88,80.94,3047961,SHY
2023-10-23,80.92,80.99,80.9,80.99,3800100,SHY
2023-10-24,80.96,80.99,80.91,80.97,5975995,SHY
2023-10-25,80.93,80.94,80.87,80.88,3334860,SHY
2023-10-26,80.96,81.06,80.96,81.04,4316188,SHY
2023-10-27,81.07,81.1,81.04,81.09,2393854,SHY
2023-10-30,81.03,81.07,81.01,81.06,3642788,SHY
2023-10-31,81.01,81.05,81.01,81.03,3210393,SHY
2023-11-01,80.8,81.01,80.8,80.98,6197571,SHY
2023-11-02,81.06,81.08,80.96,80.99,6075658,SHY
2023-11-03,81.18,81.25,81.11,81.21,5724484,SHY
2023-11-06,81.13,81.13,81.06,81.06,4589755,SHY
2023-11-07,81.08,81.16,81.07,81.12,3972187,SHY
2023-11-08,81.11,81.14,81.1,81.1,3612406,SHY
2023-11-09,81.12,81.13,80.98,80.98,4676250,SHY
2023-11-10,81.07,81.07,80.96,81.0,2795980,SHY
2023-11-13,80.96,81.03,80.94,81.03,5169085,SHY
2023-11-14,81.3,81.35,81.26,81.35,5015325,SHY
2023-11-15,81.24,81.25,81.17,81.2,4194345,SHY
2023-11-16,81.33,81.38,81.33,81.34,3467494,SHY
2023-11-17,81.31,81.33,81.26,81.28,3033394,SHY
2023-11-20,81.29,81.3,81.27,81.29,5895445,SHY
2023-11-21,81.34,81.38,81.32,81.34,2305541,SHY
2023-11-22,81.38,81.38,81.3,81.35,2798670,SHY
2023-11-24,81.31,81.32,81.28,81.29,1104344,SHY
2023-11-27,81.33,81.4,81.32,81.39,3142590,SHY
2023-11-28,81.41,81.56,81.39,81.54,8754951,SHY
2023-11-29,81.67,81.74,81.65,81.7,3760854,SHY
2023-11-30,81.67,81.68,81.61,81.65,4407749,SHY
2023-12-01,81.41,81.65,81.41,81.64,10560452,SHY
2023-12-04,81.53,81.58,81.48,81.52,3275189,SHY
2023-12-05,81.56,81.65,81.54,81.62,7808623,SHY
2023-12-06,81.64,81.64,81.59,81.6,5987480,SHY
2023-12-07,81.66,81.7,81.65,81.66,4274102,SHY
2023-12-08,81.51,81.56,81.45,81.48,2703976,SHY
2023-12-11,81.44,81.5,81.41,81.5,2466105,SHY
2023-12-12,81.48,81.53,81.47,81.51,2467556,SHY
2023-12-13,81.57,81.94,81.54,81.92,7962510,SHY
2023-12-14,81.78,81.86,81.76,81.8,6976428,SHY
2023-12-15,81.73,81.78,81.68,81.71,5196264,SHY
2023-12-18,81.73,81.74,81.69,81.7,3108088,SHY
2023-12-19,81.71,81.75,81.7,81.73,4404765,SHY
2023-12-20,81.81,81.86,81.77,81.84,3867749,SHY
2023-12-21,81.97,81.98,81.89,81.92,4857665,SHY
2023-12-22,81.95,81.96,81.91,81.95,2684671,SHY
2023-12-26,81.9,81.95,81.89,81.91,2163411,SHY
2023-12-27,81.96,82.03,81.95,82.01,2171322,SHY
2023-12-28,82.03,82.04,81.99,82.0,2002854,SHY
2023-12-29,81.98,82.07,81.98,82.04,4147327,SHY
2024-01-02,81.94,81.97,81.93,81.94,3722020,SHY
2024-01-03,81.91,81.99,81.88,81.96,3814986,SHY
2024-01-04,81.91,81.94,81.89,81.91,2213970,SHY
2024-01-05,81.86,82.02,81.84,81.89,7064067,SHY
2024-01-08,81.93,82.05,81.92,81.96,3340761,SHY
2024-01-09,81.95,81.99,81.94,81.98,4344119,SHY
2024-01-10,82.03,82.03,81.97,81.98,4889752,SHY
2024-01-11,82.04,82.18,82.04,82.17,4439096,SHY
2024-01-12,82.33,82.37,82.29,82.34,5077719,SHY
2024-01-16,82.27,82.32,82.18,82.21,6924262,SHY
2024-01-17,82.08,82.08,82.02,82.05,5244137,SHY
2024-01-18,82.1,82.11,82.06,82.09,3693010,SHY
2024-01-19,82.03,82.06,81.99,82.03,4266629,SHY
2024-01-22,82.06,82.09,82.05,82.07,3696525,SHY
2024-01-23,82.04,82.07,82.02,82.06,2531112,SHY
2024-01-24,82.15,82.16,82.02,82.02,4134239,SHY
2024-01-25,82.13,82.19,82.11,82.17,4930431,SHY
2024-01-26,82.14,82.14,82.1,82.12,3932924,SHY
2024-01-29,82.16,82.21,82.16,82.2,2740042,SHY
2024-01-30,82.22,82.23,82.1,82.15,1670782,SHY
2024-01-31,82.27,82.39,82.22,82.3,5978455,SHY
2024-02-01,82.18,82.26,82.11,82.18,5540437,SHY
2024-02-02,81.93,81.97,81.87,81.92,5510019,SHY
2024-02-05,81.82,81.84,81.76,81.76,3595755,SHY
2024-02-06,81.8,81.92,81.79,81.89,2917967,SHY
2024-02-07,81.87,81.95,81.85,81.86,2675413,SHY
2024-02-08,81.86,81.88,81.83,81.84,1822869,SHY
2024-02-09,81.79,81.82,81.79,81.81,2146347,SHY
2024-02-12,81.84,81.85,81.81,81.82,2003830,SHY
2024-02-13,81.65,81.67,81.55,81.56,2793970,SHY
2024-02-14,81.62,81.71,81.61,81.68,3316292,SHY
2024-02-15,81.78,81.8,81.72,81.76,2387590,SHY
2024-02-16,81.61,81.66,81.6,81.66,7001394,SHY
2024-02-20,81.74,81.77,81.71,81.71,4901649,SHY
2024-02-21,81.75,81.75,81.64,81.64,7194299,SHY
2024-02-22,81.64,81.69,81.6,81.63,14129932,SHY
2024-02-23,81.62,81.68,81.61,81.67,2353866,SHY
2024-02-26,81.65,81.66,81.59,81.61,3370715,SHY
2024-02-27,81.63,81.65,81.59,81.61,2946191,SHY
2024-02-28,81.66,81.7,81.65,81.69,2232451,SHY
2024-02-29,81.74,81.78,81.72,81.74,7973547,SHY
2024-03-01,81.54,81.68,81.49,81.66,4095224,SHY
2024-03-04,81.59,81.62,81.55,81.58,2049661,SHY
2024-03-05,81.64,81.7,81.61,81.64,2602128,SHY
2024-03-06,81.7,81.73,81.64,81.66,3220014,SHY
2024-03-07,81.73,81.76,81.7,81.76,1914965,SHY
2024-03-08,81.85,81.86,81.78,81.8,1934699,SHY
2024-03-11,81.77,81.77,81.72,81.73,2670733,SHY
2024-03-12,81.69,81.7,81.64,81.65,1699133,SHY
2024-03-13,81.65,81.66,81.61,81.61,1741452,SHY
2024-03-14,81.58,81.59,81.54,81.54,2398134,SHY
2024-03-15,81.51,81.53,81.49,81.49,2056221,SHY
2024-03-18,81.51,81.51,81.47,81.5,1552365,SHY
2024-03-19,81.56,81.58,81.54,81.57,1504908,SHY
2024-03-20,81.58,81.71,81.57,81.7,3999376,SHY
2024-03-21,81.72,81.74,81.69,81.7,2325817,SHY
2024-03-22,81.77,81.78,81.76,81.76,1344019,SHY
2024-03-25,81.76,81.76,81.72,81.72,2198340,SHY
2024-03-26,81.72,81.75,81.7,81.74,1460243,SHY
2024-03-27,81.8,81.85,81.8,81.83,2059126,SHY
2024-03-28,81.77,81.79,81.74,81.78,3628287,SHY
2024-04-01,81.48,81.49,81.34,81.34,3093347,SHY
2024-04-02,81.35,81.4,81.33,81.38,2386282,SHY
2024-04-03,81.35,81.44,81.33,81.44,2418278,SHY
2024-04-04,81.46,81.53,81.44,81.52,2064874,SHY
2024-04-05,81.43,81.48,81.38,81.39,2926651,SHY
2024-04-08,81.35,81.37,81.31,81.31,2642637,SHY
2024-04-09,81.38,81.42,81.38,81.39,1986396,SHY
2024-04-10,81.13,81.15,81.05,81.06,4181808,SHY
2024-04-11,81.16,81.17,81.1,81.16,4303604,SHY
2024-04-12,81.22,81.26,81.21,81.21,3579382,SHY
2024-04-15,81.11,81.18,81.07,81.18,3540640,SHY
2024-04-16,81.12,81.16,81.07,81.13,2230866,SHY
2024-04-17,81.16,81.22,81.15,81.19,2638827,SHY
2024-04-18,81.21,81.21,81.14,81.15,2185228,SHY
2024-04-19,81.19,81.2,81.16,81.17,2120348,SHY
2024-04-22,81.18,81.23,81.18,81.21,2921655,SHY
2024-04-23,81.2,81.3,81.18,81.28,2816593,SHY
2024-04-24,81.24,81.26,81.22,81.25,2286281,SHY
2024-04-25,81.18,81.21,81.16,81.19,3098179,SHY
2024-04-26,81.22,81.25,81.2,81.21,2403395,SHY
2024-04-29,81.24,81.26,81.23,81.25,1848770,SHY
2024-04-30,81.19,81.23,81.15,81.15,4339490,SHY
2024-05-01,80.95,81.08,80.91,81.05,5873174,SHY
2024-05-02,81.08,81.18,81.07,81.17,2951362,SHY
2024-05-03,81.35,81.39,81.26,81.3,3584982,SHY
2024-05-06,81.31,81.31,81.27,81.29,1980350,SHY
2024-05-07,81.31,81.33,81.28,81.3,2073493,SHY
2024-05-08,81.28,81.31,81.28,81.28,2038914,SHY
2024-05-09,81.33,81.37,81.32,81.35,1607931,SHY
2024-05-10,81.34,81.34,81.28,81.28,1579246,SHY
2024-05-13,81.35,81.35,81.3,81.3,1748223,SHY
2024-05-14,81.36,81.38,81.35,81.38,1835478,SHY
2024-05-15,81.49,81.53,81.46,81.53,2143345,SHY
2024-05-16,81.51,81.52,81.46,81.47,2268765,SHY
2024-05-17,81.46,81.47,81.42,81.42,2249467,SHY
2024-05-20,81.43,81.43,81.4,81.4,1690072,SHY
2024-05-21,81.44,81.46,81.44,81.44,1322906,SHY
2024-05-22,81.4,81.42,81.38,81.38,1760212,SHY
2024-05-23,81.43,81.43,81.33,81.34,2314346,SHY
2024-05-24,81.34,81.37,81.33,81.37,1916649,SHY
2024-05-28,81.4,81.41,81.3,81.3,1830295,SHY
2024-05-29,81.32,81.32,81.24,81.27,1760567,SHY
2024-05-30,81.34,81.37,81.33,81.36,2838733,SHY
2024-05-31,81.42,81.48,81.41,81.47,2342833,SHY
2024-06-03,81.21,81.3,81.21,81.3,3800721,SHY
2024-06-04,81.35,81.41,81.34,81.38,1636385,SHY
2024-06-05,81.4,81.46,81.35,81.46,2080739,SHY
2024-06-06,81.45,81.48,81.44,81.47,2727203,SHY
2024-06-07,81.33,81.34,81.26,81.26,2166816,SHY
2024-06-10,81.28,81.29,81.26,81.27,2234887,SHY
2024-06-11,81.33,81.37,81.3,81.36,3031186,SHY
2024-06-12,81.59,81.61,81.47,81.47,2289937,SHY
2024-06-13,81.57,81.63,81.55,81.6,1401203,SHY
2024-06-14,81.63,81.65,81.61,81.61,2156012,SHY
2024-06-17,81.57,81.58,81.53,81.53,977232,SHY
2024-06-18,81.62,81.68,81.61,81.64,1388824,SHY
2024-06-20,81.59,81.62,81.57,81.61,1821323,SHY
2024-06-21,81.67,81.69,81.62,81.64,1388688,SHY
2024-06-24,81.65,81.66,81.63,81.65,1221515,SHY
2024-06-25,81.66,81.67,81.63,81.66,1989476,SHY
2024-06-26,81.61,81.62,81.58,81.58,1207181,SHY
2024-06-27,81.63,81.67,81.62,81.64,1269508,SHY
2024-06-28,81.73,81.75,81.64,81.65,2374859,SHY
2024-07-01,81.32,81.37,81.29,81.31,2657566,SHY
2024-07-02,81.4,81.42,81.37,81.38,1966925,SHY
2024-07-03,81.41,81.52,81.41,81.5,1274975,SHY
2024-07-05,81.59,81.65,81.58,81.65,1280979,SHY
2024-07-08,81.63,81.64,81.61,81.64,1826048,SHY
2024-07-09,81.63,81.65,81.59,81.62,6178087,SHY
2024-07-10,81.67,81.67,81.63,81.65,1997223,SHY
2024-07-11,81.83,81.86,81.81,81.84,3459463,SHY
2024-07-12,81.89,81.96,81.88,81.96,1973357,SHY
2024-07-15,81.95,81.99,81.93,81.96,2901118,SHY
2024-07-16,81.95,82.0,81.93,81.99,2027153,SHY
2024-07-17,81.94,82.0,81.93,82.0,1751589,SHY
2024-07-18,81.99,82.01,81.95,81.96,2403642,SHY
2024-07-19,81.94,81.95,81.92,81.92,1480256,SHY
2024-07-22,81.92,81.93,81.89,81.93,1260549,SHY
2024-07-23,81.96,82.0,81.94,81.97,1500302,SHY
2024-07-24,82.06,82.09,82.01,82.01,3545456,SHY
2024-07-25,82.04,82.09,82.0,82.02,3507642,SHY
2024-07-26,82.13,82.14,82.11,82.13,1177356,SHY
2024-07-29,82.15,82.16,82.11,82.14,3256498,SHY
2024-07-30,82.16,82.2,82.12,82.17,2183623,SHY
2024-07-31,82.22,82.34,82.15,82.34,2705527,SHY
2024-08-01,82.1,82.23,82.09,82.21,4108116,SHY
2024-08-02,82.54,82.69,82.52,82.67,4309377,SHY
2024-08-05,82.87,82.91,82.58,82.65,13129646,SHY
2024-08-06,82.63,82.63,82.47,82.55,6952287,SHY
2024-08-07,82.49,82.55,82.44,82.5,3595113,SHY
2024-08-08,82.4,82.47,82.39,82.46,2953254,SHY
2024-08-09,82.52,82.53,82.44,82.48,3656426,SHY
2024-08-12,82.46,82.55,82.45,82.53,2857042,SHY
2024-08-13,82.63,82.66,82.61,82.66,2401598,SHY
2024-08-14,82.61,82.69,82.6,82.65,3809031,SHY
2024-08-15,82.46,82.49,82.42,82.45,2567591,SHY
2024-08-16,82.54,82.54,82.46,82.54,2196074,SHY
2024-08-19,82.52,82.57,82.52,82.52,2431631,SHY
2024-08-20,82.61,82.64,82.59,82.64,1575645,SHY
2024-08-21,82.69,82.8,82.63,82.73,3017849,SHY
2024-08-22,82.68,82.69,82.62,82.62,2257082,SHY
2024-08-23,82.69,82.81,82.65,82.81,3095976,SHY
2024-08-26,82.84,82.84,82.77,82.77,1618352,SHY
2024-08-27,82.76,82.84,82.75,82.82,3210127,SHY
2024-08-28,82.84,82.86,82.81,82.81,2133053,SHY
2024-08-29,82.81,82.81,82.78,82.8,1663323,SHY
2024-08-30,82.81,82.85,82.79,82.8,1863871,SHY
2024-09-03,82.57,82.64,82.57,82.6,2242320,SHY
2024-09-04,82.66,82.79,82.65,82.78,2089361,SHY
2024-09-05,82.86,82.86,82.75,82.81,8121018,SHY
2024-09-06,82.9,83.06,82.81,82.96,5267888,SHY
2024-09-09,82.95,82.99,82.92,82.97,6052789,SHY
2024-09-10,82.99,83.09,82.98,83.09,4605286,SHY
2024-09-11,83.0,83.13,83.0,83.02,2878604,SHY
2024-09-12,83.03,83.05,82.95,83.03,2154411,SHY
2024-09-13,83.16,83.17,83.11,83.15,3378306,SHY
2024-09-16,83.2,83.22,83.16,83.2,2396874,SHY
2024-09-17,83.16,83.17,83.12,83.14,2075195,SHY
2024-09-18,83.1,83.24,83.05,83.11,3743273,SHY
2024-09-19,83.14,83.18,83.12,83.18,2113769,SHY
2024-09-20,83.16,83.23,83.12,83.21,3240915,SHY
2024-09-23,83.19,83.24,83.15,83.21,4323221,SHY
2024-09-24,83.23,83.3,83.19,83.29,5338571,SHY
2024-09-25,83.27,83.28,83.22,83.22,3521422,SHY
2024-09-26,83.22,83.23,83.14,83.14,1691637,SHY
2024-09-27,83.22,83.28,83.2,83.27,2410872,SHY
2024-09-30,83.22,83.24,83.13,83.15,3907502,SHY
2024-10-01,82.93,83.01,82.92,82.93,3938378,SHY
2024-10-02,82.89,82.94,82.88,82.91,2996161,SHY
2024-10-03,82.87,82.88,82.8,82.8,4955149,SHY
2024-10-04,82.59,82.64,82.5,82.52,3204094,SHY
2024-10-07,82.4,82.46,82.4,82.41,3706426,SHY
2024-10-08,82.44,82.48,82.42,82.48,4917686,SHY
2024-10-09,82.46,82.46,82.39,82.4,3291733,SHY
2024-10-10,82.47,82.5,82.39,82.47,2839461,SHY
2024-10-11,82.52,82.56,82.5,82.54,2321536,SHY
2024-10-14,82.48,82.5,82.43,82.5,1288309,SHY
2024-10-15,82.57,82.58,82.52,82.54,2529962,SHY
2024-10-16,82.59,82.61,82.57,82.59,1442651,SHY
2024-10-17,82.53,82.54,82.5,82.52,1771456,SHY
2024-10-18,82.59,82.61,82.57,82.59,1388032,SHY
2024-10-21,82.55,82.56,82.47,82.47,2014316,SHY
2024-10-22,82.5,82.51,82.44,82.46,3535950,SHY
2024-10-23,82.44,82.45,82.4,82.41,2048690,SHY
2024-10-24,82.45,82.49,82.42,82.45,1743953,SHY
2024-10-25,82.5,82.53,82.41,82.42,1936351,SHY
2024-10-28,82.44,82.44,82.35,82.38,1976539,SHY
2024-10-29,82.35,82.43,82.33,82.41,2007870,SHY
2024-10-30,82.42,82.47,82.34,82.34,1824334,SHY
2024-10-31,82.33,82.39,82.29,82.36,2231216,SHY
2024-11-01,82.18,82.2,82.03,82.05,3670631,SHY
2024-11-04,82.15,82.17,82.09,82.11,1824189,SHY
2024-11-05,82.11,82.11,82.01,82.09,2017856,SHY
2024-11-06,81.95,82.01,81.94,81.99,3803213,SHY
2024-11-07,82.05,82.13,82.02,82.13,6440551,SHY
2024-11-08,82.12,82.15,82.04,82.07,2241642,SHY
2024-11-11,81.99,82.01,81.99,82.01,1210177,SHY
2024-11-12,81.95,81.98,81.9,81.93,2074616,SHY
2024-11-13,82.08,82.08,82.0,82.05,2371305,SHY
2024-11-14,82.07,82.09,81.91,81.93,2596738,SHY
2024-11-15,81.96,82.09,81.93,82.02,2385124,SHY
2024-11-18,82.05,82.08,82.02,82.08,1404164,SHY
2024-11-19,82.12,82.13,82.08,82.08,2053777,SHY
2024-11-20,82.06,82.09,82.04,82.04,2390087,SHY
2024-11-21,82.05,82.09,82.0,82.02,1880444,SHY
2024-11-22,82.04,82.06,82.0,82.01,1958529,SHY
2024-11-25,82.12,82.17,82.1,82.17,1830707,SHY
2024-11-26,82.15,82.17,82.1,82.17,5045588,SHY
2024-11-27,82.25,82.26,82.21,82.22,1945845,SHY
2024-11-29,82.31,82.33,82.3,82.32,1049837,SHY
2024-12-02,82.01,82.08,81.98,82.05,4345932,SHY
2024-12-03,82.1,82.11,82.04,82.06,2447674,SHY
2024-12-04,82.04,82.17,82.04,82.15,2463855,SHY
2024-12-05,82.1,82.15,82.08,82.15,1506169,SHY
2024-12-06,82.26,82.27,82.21,82.23,2990667,SHY
2024-12-09,82.23,82.23,82.2,82.2,2618585,SHY
2024-12-10,82.19,82.2,82.15,82.19,2395437,SHY
2024-12-11,82.25,82.27,82.17,82.17,1987192,SHY
2024-12-12,82.19,82.2,82.13,82.13,1889387,SHY
2024-12-13,82.14,82.15,82.09,82.09,1825769,SHY
2024-12-16,82.12,82.13,82.09,82.1,2091106,SHY
2024-12-17,82.09,82.13,82.09,82.11,1604427,SHY
2024-12-18,81.87,81.89,81.66,81.68,3903910,SHY
2024-12-19,81.73,81.78,81.71,81.77,9250284,SHY
2024-12-20,81.84,81.85,81.77,81.78,2569707,SHY
2024-12-23,81.76,81.78,81.73,81.73,2523863,SHY
2024-12-24,81.73,81.77,81.73,81.77,982377,SHY
2024-12-26,81.74,81.8,81.73,81.79,1303832,SHY
2024-12-27,81.82,81.85,81.8,81.81,2203327,SHY
2024-12-30,81.9,81.94,81.9,81.93,3292305,SHY
2024-12-31,81.99,82.0,81.94,81.98,2672336,SHY
2025-01-02,82.0,82.01,81.93,81.96,3082269,SHY
2025-01-03,82.0,82.01,81.94,81.96,2258212,SHY
2025-01-06,81.96,81.99,81.94,81.98,1820345,SHY
2025-01-07,81.97,81.99,81.9,81.93,2735012,SHY
2025-01-08,81.95,81.99,81.95,81.98,2075670,SHY
2025-01-10,81.93,81.94,81.83,81.83,3679401,SHY
2025-01-13,81.84,81.85,81.81,81.85,2929526,SHY
2025-01-14,81.88,81.89,81.86,81.87,1784083,SHY
2025-01-15,82.04,82.05,82.01,82.05,2075325,SHY
2025-01-16,82.01,82.12,82.0,82.1,3298580,SHY
2025-01-17,82.11,82.12,82.07,82.08,1750205,SHY
2025-01-21,82.11,82.12,82.06,82.11,1800775,SHY
2025-01-22,82.11,82.12,82.06,82.09,1960744,SHY
2025-01-23,82.06,82.11,82.06,82.09,2613811,SHY
2025-01-24,82.14,82.19,82.12,82.14,1560385,SHY
2025-01-27,82.28,82.29,82.22,82.26,1927355,SHY
2025-01-28,82.24,82.28,82.23,82.28,1586646,SHY
2025-01-29,82.29,82.29,82.19,82.23,2262943,SHY
2025-01-30,82.27,82.3,82.26,82.28,1655556,SHY
2025-01-31,82.29,82.32,82.26,82.29,2243077,SHY
2025-02-03,81.99,82.04,81.94,81.96,2728494,SHY
2025-02-04,81.96,82.04,81.96,82.04,2542938,SHY
2025-02-05,82.07,82.13,82.07,82.09,1720936,SHY
2025-02-06,82.06,82.09,82.05,82.06,1784758,SHY
2025-02-07,82.02,82.03,81.97,81.97,2206290,SHY
2025-02-10,82.02,82.04,82.0,82.01,1921581,SHY
2025-02-11,81.98,82.01,81.98,81.99,2245724,SHY
2025-02-12,81.91,81.92,81.87,81.88,3180986,SHY
2025-02-13,81.97,82.0,81.96,81.99,2042607,SHY
2025-02-14,82.09,82.13,82.08,82.1,2372067,SHY
2025-02-18,82.07,82.08,82.03,82.03,2125576,SHY
2025-02-19,82.04,82.09,82.04,82.09,2248344,SHY
2025-02-20,82.11,82.14,82.1,82.1,1578367,SHY
2025-02-21,82.14,82.26,82.14,82.24,2154323,SHY
2025-02-24,82.23,82.3,82.22,82.3,1601205,SHY
2025-02-25,82.38,82.44,82.37,82.41,2751029,SHY
2025-02-26,82.41,82.46,82.37,82.44,1713153,SHY
2025-02-27,82.41,82.48,82.4,82.47,3195839,SHY
2025-02-28,82.53,82.62,82.5,82.62,3101005,SHY
2025-03-03,82.3,82.43,82.29,82.42,3850439,SHY
2025-03-04,82.51,82.58,82.4,82.43,3987247,SHY
2025-03-05,82.48,82.5,82.33,82.34,3310465,SHY
2025-03-06,82.38,82.43,82.33,82.39,2766838,SHY
2025-03-07,82.5,82.52,82.34,82.38,2504845,SHY
2025-03-10,82.49,82.56,82.46,82.53,2792415,SHY
2025-03-11,82.53,82.6,82.47,82.48,3427077,SHY
2025-03-12,82.42,82.48,82.4,82.42,3059729,SHY
2025-03-13,82.42,82.52,82.39,82.48,2019841,SHY
2025-03-14,82.49,82.49,82.41,82.42,2454361,SHY
2025-03-17,82.4,82.45,82.37,82.39,3282630,SHY
2025-03-18,82.38,82.43,82.38,82.39,2576259,SHY
2025-03-19,82.37,82.51,82.34,82.51,3038083,SHY
2025-03-20,82.6,82.6,82.52,82.53,2310295,SHY
2025-03-21,82.62,82.64,82.58,82.58,2172944,SHY
2025-03-24,82.53,82.54,82.46,82.47,1730570,SHY
2025-03-25,82.49,82.54,82.48,82.5,2134391,SHY
2025-03-26,82.49,82.52,82.48,82.48,2277684,SHY
2025-03-27,82.52,82.55,82.5,82.52,1736200,SHY
2025-03-28,82.59,82.69,82.59,82.67,2692992,SHY
2025-03-31,82.74,82.77,82.66,82.73,3585975,SHY
2025-04-01,82.46,82.52,82.44,82.48,3650824,SHY
2025-04-02,82.53,82.53,82.39,82.42,2623904,SHY
2025-04-03,82.69,82.77,82.67,82.73,4340062,SHY
2025-04-04,82.98,83.07,82.68,82.68,10915870,SHY
2025-04-07,82.89,82.94,82.51,82.69,14682328,SHY
2025-04-08,82.54,82.81,82.54,82.64,10116406,SHY
2025-04-09,82.7,82.79,82.31,82.59,18084443,SHY
2025-04-10,82.59,82.66,82.53,82.58,7851238,SHY
2025-04-11,82.53,82.55,82.4,82.43,5762402,SHY
2025-04-14,82.48,82.63,82.48,82.61,2832307,SHY
2025-04-15,82.61,82.67,82.6,82.61,2295727,SHY
2025-04-16,82.7,82.74,82.66,82.72,2517037,SHY
2025-04-17,82.75,82.79,82.71,82.75,2923905,SHY
2025-04-21,82.78,82.85,82.7,82.7,3296427,SHY
2025-04-22,82.76,82.78,82.71,82.73,2269209,SHY
2025-04-23,82.75,82.8,82.63,82.67,3193266,SHY
2025-04-24,82.73,82.77,82.71,82.77,2775288,SHY
2025-04-25,82.79,82.85,82.76,82.84,1661237,SHY
2025-04-28,82.85,82.96,82.84,82.96,1932754,SHY
2025-04-29,82.94,83.02,82.93,83.01,2640746,SHY
2025-04-30,83.04,83.12,83.03,83.12,4120720,SHY
2025-05-01,82.89,82.9,82.66,82.69,4672093,SHY
2025-05-02,82.62,82.65,82.5,82.53,3638543,SHY
2025-05-05,82.57,82.58,82.49,82.52,2932678,SHY
2025-05-06,82.59,82.61,82.57,82.59,2676774,SHY
2025-05-07,82.59,82.66,82.56,82.62,2190565,SHY
2025-05-08,82.59,82.61,82.44,82.45,2548905,SHY
2025-05-09,82.53,82.57,82.49,82.49,1288370,SHY
2025-05-12,82.33,82.39,82.32,82.34,3217705,SHY
2025-05-13,82.39,82.39,82.3,82.32,3586627,SHY
2025-05-14,82.33,82.35,82.26,82.26,2494565,SHY
2025-05-15,82.38,82.42,82.35,82.42,2488889,SHY
2025-05-16,82.49,82.49,82.39,82.4,1790540,SHY
2025-05-19,82.38,82.44,82.37,82.43,2085224,SHY
2025-05-20,82.42,82.47,82.41,82.44,2445806,SHY
2025-05-21,82.41,82.42,82.38,82.39,2880144,SHY
2025-05-22,82.44,82.45,82.41,82.44,2455225,SHY
2025-05-23,82.57,82.57,82.47,82.49,4551421,SHY
2025-05-27,82.5,82.53,82.48,82.52,2851377,SHY
2025-05-28,82.5,82.5,82.45,82.46,1548606,SHY
2025-05-29,82.52,82.56,82.52,82.55,1710629,SHY
2025-05-30,82.59,82.65,82.57,82.65,3496585,SHY
2025-06-02,82.34,82.37,82.3,82.31,3119635,SHY
2025-06-03,82.33,82.35,82.28,82.29,3445290,SHY
2025-06-04,82.36,82.45,82.35,82.44,4953428,SHY
2025-06-05,82.44,82.46,82.35,82.35,2274415,SHY
2025-06-06,82.25,82.27,82.21,82.21,1118243,SHY
2025-06-09,82.24,82.3,82.24,82.27,1808714,SHY
2025-06-10,82.3,82.32,82.27,82.27,1625178,SHY
2025-06-11,82.37,82.4,82.34,82.4,1391849,SHY
2025-06-12,82.48,82.48,82.44,82.47,1668952,SHY
2025-06-13,82.44,82.44,82.37,82.41,2196440,SHY
2025-06-16,82.41,82.44,82.39,82.4,1972293,SHY
2025-06-17,82.43,82.46,82.4,82.44,1240979,SHY
2025-06-18,82.48,82.57,82.45,82.48,1593172,SHY
2025-06-20,82.5,82.57,82.49,82.54,1600414,SHY
2025-06-23,82.57,82.69,82.57,82.65,1999354,SHY
2025-06-24,82.64,82.72,82.63,82.72,2720227,SHY
2025-06-25,82.69,82.74,82.67,82.73,2087443,SHY
2025-06-26,82.78,82.83,82.77,82.83,2594211,SHY
2025-06-27,82.78,82.84,82.78,82.8,2033251,SHY
2025-06-30,82.84,82.86,82.81,82.86,4420210,SHY
2025-07-01,82.56,82.59,82.5,82.51,4128547,SHY
2025-07-02,82.52,82.55,82.49,82.5,3023053,SHY
2025-07-03,82.42,82.43,82.38,82.41,2232638,SHY
2025-07-07,82.41,82.42,82.38,82.39,2090865,SHY
2025-07-08,82.38,82.4,82.37,82.4,2515278,SHY
2025-07-09,82.43,82.47,82.42,82.47,1536253,SHY
2025-07-10,82.47,82.47,82.43,82.47,1504834,SHY
2025-07-11,82.46,82.46,82.43,82.45,2839791,SHY
2025-07-14,82.46,82.49,82.44,82.46,1182235,SHY
2025-07-15,82.46,82.46,82.37,82.38,2127671,SHY
2025-07-16,82.41,82.52,82.41,82.49,3094985,SHY
2025-07-17,82.49,82.5,82.44,82.46,2329656,SHY
2025-07-18,82.56,82.57,82.53,82.53,1031749,SHY
2025-07-21,82.6,82.6,82.57,82.58,1244625,SHY
2025-07-22,82.6,82.64,82.6,82.64,7943272,SHY
2025-07-23,82.61,82.62,82.55,82.57,1952035,SHY
2025-07-24,82.51,82.54,82.5,82.5,1525458,SHY
2025-07-25,82.55,82.56,82.53,82.55,1388462,SHY
2025-07-28,82.54,82.55,82.53,82.53,1555202,SHY
2025-07-29,82.56,82.62,82.56,82.61,1641077,SHY
2025-07-30,82.57,82.64,82.52,82.52,2777502,SHY
2025-07-31,82.54,82.57,82.51,82.52,3253428,SHY
2025-08-01,82.55,82.69,82.55,82.66,4471836,SHY
2025-08-04,82.67,82.69,82.62,82.68,3516215,SHY
2025-08-05,82.65,82.69,82.62,82.65,4635451,SHY
2025-08-06,82.63,82.68,82.62,82.68,2056160,SHY
2025-08-07,82.66,82.68,82.63,82.64,2100607,SHY
2025-08-08,82.64,82.64,82.61,82.62,2015335,SHY
2025-08-11,82.61,82.64,82.61,82.62,1825568,SHY
2025-08-12,82.65,82.69,82.64,82.68,2252948,SHY
2025-08-13,82.75,82.79,82.74,82.79,2512460,SHY
2025-08-14,82.71,82.72,82.68,82.7,2599686,SHY
2025-08-15,82.72,82.74,82.67,82.67,1391511,SHY
2025-08-18,82.7,82.71,82.66,82.67,5705279,SHY
2025-08-19,82.71,82.73,82.7,82.71,5764268,SHY
2025-08-20,82.72,82.77,82.71,82.74,2062998,SHY
2025-08-21,82.72,82.73,82.65,82.67,2350290,SHY
2025-08-22,82.71,82.86,82.7,82.85,3633959,SHY
2025-08-25,82.8,82.81,82.79,82.81,3469996,SHY
2025-08-26,82.84,82.89,82.84,82.88,1292607,SHY
2025-08-27,82.89,82.94,82.88,82.94,1725828,SHY
2025-08-28,82.91,82.93,82.9,82.91,1478424,SHY
2025-08-29,82.95,83.0,82.94,82.98,1761845,SHY
2025-09-02,82.67,82.7,82.66,82.68,2774085,SHY
2025-09-03,82.68,82.76,82.67,82.74,2088584,SHY
2025-09-04,82.78,82.8,82.76,82.8,2081209,SHY
2025-09-05,82.98,83.01,82.91,82.92,3623874,SHY
2025-09-08,82.98,82.99,82.95,82.97,1612603,SHY
2025-09-09,82.97,83.0,82.9,82.9,2036648,SHY
2025-09-10,82.96,82.96,82.91,82.91,7521148,SHY
2025-09-11,82.97,83.0,82.93,82.94,3403150,SHY
2025-09-12,82.94,82.94,82.9,82.93,2426138,SHY
2025-09-15,82.98,82.98,82.96,82.96,1446116,SHY
2025-09-16,82.99,83.02,82.98,83.0,1622507,SHY
2025-09-17,83.02,83.09,82.96,82.96,3396891,SHY
2025-09-18,82.93,82.96,82.91,82.93,2164066,SHY
2025-09-19,82.96,82.98,82.95,82.96,1477581,SHY
2025-09-22,82.97,82.98,82.92,82.92,1318086,SHY
2025-09-23,82.94,82.97,82.93,82.95,1583514,SHY
2025-09-24,82.94,82.95,82.91,82.91,2021115,SHY
2025-09-25,82.86,82.87,82.83,82.84,2304210,SHY
2025-09-26,82.87,82.9,82.85,82.89,1375152,SHY
2025-09-29,82.9,82.93,82.9,82.92,3157153,SHY
2025-09-30,82.95,82.99,82.95,82.96,2995826,SHY
2025-10-01,82.81,82.82,82.77,82.8,3676620,SHY
2025-10-02,82.79,82.82,82.77,82.82,1299759,SHY
2025-10-03,82.82,82.85,82.79,82.79,1613114,SHY
2025-10-06,82.78,82.8,82.77,82.77,1625168,SHY
2025-10-07,82.79,82.83,82.78,82.81,2013932,SHY
2025-10-08,82.84,82.84,82.79,82.8,2474150,SHY
2025-10-09,82.8,82.81,82.78,82.79,1876616,SHY
2025-10-10,82.88,82.96,82.85,82.93,3837927,SHY
2025-10-13,82.95,83.09,82.93,83.09,4535921,SHY
2025-10-14,83.0,83.03,82.98,83.03,4025574,SHY
2025-10-15,83.0,83.02,82.98,82.99,2465408,SHY
2025-10-16,82.98,83.13,82.98,83.1,2649912,SHY
2025-10-17,83.1,83.12,83.07,83.09,2635554,SHY
2025-10-20,83.1,83.1,83.07,83.1,2300483,SHY
2025-10-21,83.12,83.13,83.1,83.12,3617657,SHY
2025-10-22,83.1,83.14,83.1,83.12,2775638,SHY
2025-10-23,83.09,83.11,83.06,83.06,3576509,SHY
2025-10-24,83.12,83.13,83.09,83.11,1447547,SHY
2025-10-27,83.09,83.1,83.06,83.09,3076846,SHY
2025-10-28,83.08,83.11,83.07,83.1,4553989,SHY
2025-10-29,83.11,83.11,82.93,82.94,3525350,SHY
2025-10-30,82.92,82.97,82.91,82.95,3241186,SHY
2025-10-31,82.98,82.99,82.96,82.98,2719470,SHY
2025-11-03,82.71,82.75,82.71,82.72,3944490,SHY
2025-11-04,82.76,82.78,82.75,82.75,4983676,SHY
2025-11-05,82.75,82.76,82.68,82.69,3319864,SHY
2025-11-06,82.78,82.82,82.77,82.79,2549320,SHY
2025-11-07,82.81,82.88,82.8,82.83,2214112,SHY
2025-11-10,82.81,82.83,82.8,82.81,2525991,SHY
2025-11-11,82.86,82.88,82.84,82.88,2314326,SHY
2025-11-12,82.85,82.87,82.84,82.85,1967639,SHY
2025-11-13,82.8,82.83,82.8,82.8,2920611,SHY
2025-11-14,82.88,82.89,82.8,82.83,3180318,SHY
2025-11-17,82.83,82.83,82.81,82.82,3200006,SHY
2025-11-18,82.9,82.92,82.85,82.87,2257592,SHY
2025-11-19,82.9,82.92,82.85,82.86,1828275,SHY
2025-11-20,82.9,82.96,82.89,82.93,2848881,SHY
2025-11-21,83.03,83.04,82.98,83.03,3701808,SHY
2025-11-24,83.03,83.04,83.0,83.04,3427458,SHY
2025-11-25,83.05,83.1,83.04,83.09,2502617,SHY
2025-11-26,83.07,83.08,83.04,83.08,2926630,SHY
2025-11-28,83.1,83.11,83.06,83.08,2042009,SHY
2025-12-01,82.79,82.79,82.76,82.76,2404808,SHY
2025-12-02,82.8,82.82,82.78,82.81,3937580,SHY
2025-12-03,82.87,82.87,82.83,82.86,1480790,SHY
2025-12-04,82.84,82.84,82.8,82.8,1698892,SHY
2025-12-05,82.82,82.82,82.77,82.77,1380952,SHY
2025-12-08,82.77,82.77,82.71,82.75,1402969,SHY
2025-12-09,82.79,82.79,82.71,82.71,2125737,SHY
2025-12-10,82.72,82.85,82.71,82.85,3588481,SHY
2025-12-11,82.89,82.9,82.85,82.86,2569974,SHY
2025-12-12,82.86,82.89,82.85,82.87,2723439,SHY
2025-12-15,82.93,82.94,82.9,82.92,3395166,SHY
2025-12-16,82.94,82.98,82.93,82.96,2929241,SHY
2025-12-17,82.95,82.98,82.94,82.97,3967713,SHY
2025-12-18,83.04,83.04,82.98,83.03,2331220,SHY
2025-12-19,82.76,82.77,82.74,82.76,2467089,SHY
2025-12-22,82.75,82.75,82.71,82.72,2722864,SHY
2025-12-23,82.66,82.69,82.65,82.68,2572817,SHY
2025-12-24,82.71,82.74,82.7,82.73,1234537,SHY
2025-12-26,82.8,82.81,82.78,82.79,1212827,SHY
2025-12-29,82.83,82.84,82.82,82.83,2032296,SHY
2025-12-30,82.83,82.86,82.83,82.85,2337752,SHY
2025-12-31,82.84,82.87,82.82,82.82,2218331,SHY
2026-01-02,82.87,82.87,82.84,82.86,2107897,SHY
2026-01-05,82.88,82.9,82.87,82.89,2383597,SHY
2026-01-06,82.88,82.9,82.85,82.9,3037903,SHY
2026-01-07,82.91,82.93,82.88,82.89,3330547,SHY
2026-01-08,82.87,82.88,82.86,82.86,1493678,SHY
2026-01-09,82.87,82.87,82.81,82.83,2438781,SHY
2026-01-12,82.82,82.84,82.81,82.83,1822986,SHY
2026-01-13,82.86,82.87,82.84,82.85,2962690,SHY
2026-01-14,82.88,82.9,82.86,82.87,2252048,SHY
2026-01-15,82.86,82.86,82.81,82.81,2786501,SHY
2026-01-16,82.84,82.84,82.78,82.79,3452842,SHY
2026-01-20,82.81,82.82,82.8,82.8,4018737,SHY
2026-01-21,82.83,82.84,82.81,82.84,9720810,SHY
2026-01-22,82.81,82.82,82.79,82.81,3045983,SHY
2026-01-23,82.83,82.85,82.82,82.84,2016020,SHY
2026-01-26,82.87,82.88,82.85,82.87,2549135,SHY
2026-01-27,82.87,82.91,82.87,82.89,2974181,SHY
2026-01-28,82.91,82.91,82.87,82.89,2570716,SHY
2026-01-29,82.9,82.95,82.9,82.92,2873582,SHY
2026-01-30,82.97,83.01,82.96,82.99,3314980,SHY
2026-02-02,82.73,82.75,82.69,82.7,3297698,SHY
2026-02-03,82.68,82.71,82.67,82.69,2968201,SHY
2026-02-04,82.69,82.74,82.69,82.73,3121160,SHY
2026-02-05,82.82,82.88,82.79,82.86,4993660,SHY
2026-02-06,82.89,82.89,82.83,82.86,6137551,SHY
2026-02-09,82.88,82.89,82.87,82.88,3911290,SHY
2026-02-10,82.92,82.95,82.92,82.93,3585313,SHY
2026-02-11,82.85,82.89,82.83,82.85,2789501,SHY
2026-02-12,82.88,82.95,82.87,82.93,2212289,SHY
2026-02-13,83.04,83.07,83.03,83.06,2725331,SHY
2026-02-17,83.04,83.05,83.01,83.03,2231286,SHY
2026-02-18,82.99,83.0,82.98,82.98,1460937,SHY
2026-02-19,82.97,83.01,82.97,82.98,1819290,SHY
2026-02-20,83.01,83.02,82.97,82.99,2895614,SHY
2026-02-23,83.02,83.08,83.0,83.06,1839271,SHY
2026-02-24,83.05,83.07,83.03,83.06,3227385,SHY
2026-02-25,83.03,83.04,83.01,83.04,3877463,SHY
2026-02-26,83.04,83.09,83.03,83.07,4281216,SHY
2026-02-27,83.16,83.2,83.15,83.18,4352512,SHY
2026-03-02,82.88,82.89,82.79,82.81,6135532,SHY
2026-03-03,82.72,82.82,82.7,82.8,5057529,SHY
2026-03-04,82.79,82.8,82.73,82.75,3989780,SHY
2026-03-05,82.68,82.71,82.66,82.69,5552782,SHY
2026-03-06,82.67,82.81,82.67,82.73,4895870,SHY
2026-03-09,82.7,82.78,82.67,82.77,3351224,SHY
2026-03-10,82.77,82.8,82.71,82.72,3877370,SHY
2026-03-11,82.68,82.69,82.64,82.64,2949899,SHY
2026-03-12,82.61,82.63,82.47,82.5,7080167,SHY
2026-03-13,82.6,82.61,82.53,82.55,6092259,SHY
2026-03-16,82.64,82.65,82.59,82.65,3131391,SHY
2026-03-17,82.65,82.68,82.65,82.66,2004726,SHY
2026-03-18,82.6,82.63,82.51,82.51,3174333,SHY
2026-03-19,82.39,82.53,82.37,82.49,9576411,SHY
2026-03-20,82.37,82.38,82.28,82.31,9059808,SHY
2026-03-23,82.36,82.49,82.34,82.43,6034537,SHY
2026-03-24,82.33,82.39,82.26,82.31,6445507,SHY
2026-03-25,82.4,82.43,82.37,82.4,4338392,SHY
2026-03-26,82.33,82.36,82.22,82.22,6054749,SHY
2026-03-27,82.28,82.39,82.28,82.39,6713676,SHY
2026-03-30,82.48,82.54,82.47,82.5,3987192,SHY
2026-03-31,82.59,82.62,82.55,82.57,8734212,SHY
2026-04-01,82.31,82.35,82.29,82.32,5877763,SHY
2026-04-02,82.33,82.39,82.32,82.36,3895319,SHY
2026-04-06,82.29,82.31,82.26,82.28,2864188,SHY
2026-04-07,82.3,82.38,82.25,82.34,2548006,SHY
2026-04-08,82.47,82.48,82.39,82.42,3643422,SHY
2026-04-09,82.42,82.48,82.39,82.44,2812563,SHY
2026-04-10,82.44,82.46,82.4,82.41,3880647,SHY
2026-04-13,82.43,82.47,82.4,82.47,2146511,SHY
2026-04-14,82.46,82.53,82.45,82.53,2341337,SHY
2026-04-15,82.52,82.52,82.48,82.51,2562247,SHY
2026-04-16,82.53,82.53,82.48,82.48,2377598,SHY
2026-04-17,82.61,82.66,82.59,82.64,3701368,SHY
2026-04-20,82.63,82.63,82.58,82.6,1437135,SHY
2026-04-21,82.56,82.56,82.48,82.48,2262371,SHY
2026-04-22,82.55,82.55,82.51,82.52,1420711,SHY
2026-04-23,82.52,82.53,82.45,82.48,2315858,SHY
2026-04-24,82.51,82.59,82.49,82.57,2721736,SHY
2026-04-27,82.56,82.58,82.53,82.55,1782918,SHY
2026-04-28,82.52,82.53,82.49,82.5,3462876,SHY
2026-04-29,82.47,82.47,82.36,82.39,2948193,SHY
2026-04-30,82.47,82.49,82.45,82.48,3148560,SHY
2026-05-01,82.23,82.31,82.22,82.25,2527114,SHY
